,Date,Open,High,Low,Close,Adj Close,Volume
0,2014-12-08,76.18,77.25,75.400002,76.519997,76.519997,25733900
1,2014-12-09,75.199997,76.93,74.779999,76.839996,76.839996,25358600
2,2014-12-10,76.650002,77.550003,76.07,76.18,76.18,32210500
3,2014-12-11,76.519997,78.519997,76.480003,77.730003,77.730003,33462100
4,2014-12-12,77.160004,78.879997,77.019997,77.830002,77.830002,28091600
5,2014-12-15,78.459999,78.580002,76.559998,76.989998,76.989998,29396500
6,2014-12-16,76.190002,77.389999,74.589996,74.690002,74.690002,31554600
7,2014-12-17,75.010002,76.410004,74.900002,76.110001,76.110001,29203900
8,2014-12-18,76.889999,78.400002,76.510002,78.400002,78.400002,34222100
9,2014-12-19,78.75,80.0,78.330002,79.879997,79.879997,43335000
10,2014-12-22,80.080002,81.889999,80.0,81.449997,81.449997,31395800
11,2014-12-23,82.019997,82.169998,80.400002,80.610001,80.610001,19865800
12,2014-12-24,81.029999,81.43,80.75,80.769997,80.769997,7685500
13,2014-12-26,81.019997,81.279999,80.510002,80.779999,80.779999,10647400
14,2014-12-29,80.489998,80.959999,79.709999,80.019997,80.019997,14134700
15,2014-12-30,79.849998,80.589996,79.099998,79.220001,79.220001,14370800
16,2014-12-31,79.540001,79.800003,77.860001,78.019997,78.019997,19935400
17,2015-01-02,78.580002,78.93,77.699997,78.449997,78.449997,18177500
18,2015-01-05,77.980003,79.25,76.860001,77.190002,77.190002,26452200
19,2015-01-06,77.230003,77.589996,75.360001,76.150002,76.150002,27399300
20,2015-01-07,76.760002,77.360001,75.82,76.150002,76.150002,22045300
21,2015-01-08,76.739998,78.230003,76.080002,78.18,78.18,23961000
22,2015-01-09,78.199997,78.620003,77.199997,77.739998,77.739998,21157000
23,2015-01-12,77.839996,78.0,76.209999,76.720001,76.720001,19190200
24,2015-01-13,77.230003,78.080002,75.849998,76.449997,76.449997,25179600
25,2015-01-14,76.419998,77.199997,76.029999,76.279999,76.279999,25918600
26,2015-01-15,76.400002,76.57,73.540001,74.050003,74.050003,34134000
27,2015-01-16,74.040001,75.32,73.839996,75.18,75.18,21791500
28,2015-01-20,75.720001,76.309998,74.82,76.239998,76.239998,22821600
29,2015-01-21,76.160004,77.300003,75.849998,76.739998,76.739998,25096700
30,2015-01-22,77.169998,77.75,76.68,77.650002,77.650002,19519500
31,2015-01-23,77.650002,78.190002,77.040001,77.830002,77.830002,16746500
32,2015-01-26,77.980003,78.470001,77.290001,77.5,77.5,19260800
33,2015-01-27,76.709999,76.879997,75.629997,75.779999,75.779999,20110000
34,2015-01-28,76.900002,77.639999,76.0,76.239998,76.239998,53306400
35,2015-01-29,76.849998,78.019997,74.209999,78.0,78.0,61293500
36,2015-01-30,78.0,78.160004,75.75,75.910004,75.910004,42649500
37,2015-02-02,76.110001,76.139999,73.75,74.989998,74.989998,41955300
38,2015-02-03,75.190002,75.580002,73.860001,75.400002,75.400002,26957700
39,2015-02-04,75.089996,76.349998,75.010002,75.629997,75.629997,20277400
40,2015-02-05,75.709999,75.980003,75.209999,75.610001,75.610001,15062600
41,2015-02-06,75.68,75.699997,74.25,74.470001,74.470001,21211000
42,2015-02-09,74.050003,74.830002,73.449997,74.440002,74.440002,16194300
43,2015-02-10,74.849998,75.339996,74.5,75.190002,75.190002,15811300
44,2015-02-11,75.089996,76.75,75.029999,76.510002,76.510002,20877400
45,2015-02-12,76.860001,76.870003,75.889999,76.230003,76.230003,17235000
46,2015-02-13,76.459999,76.480003,75.5,75.739998,75.739998,18621900
47,2015-02-17,75.300003,76.910004,75.080002,75.599998,75.599998,25254400
48,2015-02-18,75.940002,76.900002,75.449997,76.709999,76.709999,22426400
49,2015-02-19,76.989998,79.839996,76.949997,79.419998,79.419998,45851200
50,2015-02-20,79.550003,80.339996,79.199997,79.900002,79.900002,36931700
51,2015-02-23,79.959999,80.190002,78.379997,78.839996,78.839996,24139100
52,2015-02-24,78.5,79.480003,78.099998,78.449997,78.449997,18897100
53,2015-02-25,78.5,80.199997,78.5,79.559998,79.559998,25593800
54,2015-02-26,79.879997,81.370003,79.720001,80.410004,80.410004,31111900
55,2015-02-27,80.68,81.230003,78.620003,78.970001,78.970001,30739200
56,2015-03-02,79.0,79.860001,78.519997,79.75,79.75,21662500
57,2015-03-03,79.610001,79.699997,78.519997,79.599998,79.599998,18635000
58,2015-03-04,79.300003,81.150002,78.849998,80.900002,80.900002,28126700
59,2015-03-05,81.230003,81.989998,81.050003,81.209999,81.209999,27825700
60,2015-03-06,80.900002,81.330002,79.830002,80.010002,80.010002,24488600
61,2015-03-09,79.68,79.910004,78.629997,79.440002,79.440002,18925100
62,2015-03-10,78.5,79.260002,77.550003,77.550003,77.550003,23067100
63,2015-03-11,77.800003,78.43,77.260002,77.57,77.57,20215700
64,2015-03-12,78.099998,79.050003,77.910004,78.93,78.93,16093300
65,2015-03-13,78.599998,79.379997,77.68,78.050003,78.050003,18557300
66,2015-03-16,77.959999,78.120003,77.360001,78.07,78.07,19305400
67,2015-03-17,78.360001,79.779999,78.339996,79.360001,79.360001,22170000
68,2015-03-18,79.25,81.239998,79.169998,80.910004,80.910004,36912400
69,2015-03-19,81.120003,83.0,81.0,82.75,82.75,42099500
70,2015-03-20,83.389999,84.599998,83.07,83.800003,83.800003,44466300
71,2015-03-23,83.919998,84.959999,83.300003,84.43,84.43,27357300
72,2015-03-24,84.709999,86.07,84.519997,85.309998,85.309998,32576500
73,2015-03-25,85.5,85.519997,82.919998,82.919998,82.919998,37436100
74,2015-03-26,82.720001,83.769997,82.139999,83.010002,83.010002,32794800
75,2015-03-27,83.379997,83.949997,82.879997,83.300003,83.300003,18372600
76,2015-03-30,83.809998,84.339996,82.410004,83.199997,83.199997,24527700
77,2015-03-31,82.900002,83.5,82.209999,82.220001,82.220001,19734300
78,2015-04-01,82.5,82.720001,80.870003,81.669998,81.669998,22058200
79,2015-04-02,82.25,82.559998,81.440002,81.559998,81.559998,19664100
80,2015-04-06,80.800003,82.809998,80.800003,82.440002,82.440002,19062900
81,2015-04-07,82.650002,83.419998,82.220001,82.32,82.32,17467000
82,2015-04-08,82.629997,83.099998,81.839996,82.279999,82.279999,18966700
83,2015-04-09,82.5,82.800003,81.709999,82.169998,82.169998,15927300
84,2015-04-10,82.209999,82.610001,81.910004,82.040001,82.040001,12529700
85,2015-04-13,81.93,83.940002,81.919998,83.010002,83.010002,26883100
86,2015-04-14,83.169998,83.690002,82.440002,83.519997,83.519997,19634200
87,2015-04-15,83.550003,83.660004,82.269997,82.709999,82.709999,22390900
88,2015-04-16,82.470001,83.07,82.150002,82.309998,82.309998,13769700
89,2015-04-17,81.480003,82.110001,80.370003,80.779999,80.779999,24215000
90,2015-04-20,81.540001,83.150002,81.239998,83.089996,83.089996,28796800
91,2015-04-21,84.0,84.489998,83.540001,83.620003,83.620003,27171900
92,2015-04-22,84.32,84.739998,83.650002,84.629997,84.629997,45548000
93,2015-04-23,84.099998,85.589996,82.410004,82.410004,82.410004,73728100
94,2015-04-24,82.769997,82.940002,81.480003,81.529999,81.529999,29660400
95,2015-04-27,81.870003,82.93,81.629997,81.910004,81.910004,25446000
96,2015-04-28,81.830002,81.900002,80.230003,80.68,80.68,23775300
97,2015-04-29,80.010002,81.389999,79.519997,80.470001,80.470001,26430300
98,2015-04-30,80.010002,80.959999,78.32,78.769997,78.769997,28999000
99,2015-05-01,79.239998,79.760002,78.110001,78.989998,78.989998,24136400
100,2015-05-04,79.330002,79.690002,78.629997,78.809998,78.809998,14692000
101,2015-05-05,78.550003,78.800003,77.220001,77.559998,77.559998,22311300
102,2015-05-06,77.970001,78.809998,77.050003,78.099998,78.099998,28663000
103,2015-05-07,78.0,78.940002,77.559998,78.43,78.43,19749400
104,2015-05-08,79.099998,79.230003,78.029999,78.510002,78.510002,19943600
105,2015-05-11,78.480003,79.029999,77.93,78.010002,78.010002,18874100
106,2015-05-12,77.870003,77.889999,76.790001,77.459999,77.459999,21285300
107,2015-05-13,77.720001,78.529999,77.650002,78.440002,78.440002,21512300
108,2015-05-14,78.940002,81.849998,78.669998,81.370003,81.370003,49438000
109,2015-05-15,81.410004,81.519997,80.18,80.419998,80.419998,27069900
110,2015-05-18,80.330002,81.379997,80.230003,80.879997,80.879997,21613700
111,2015-05-19,81.25,81.690002,80.550003,80.629997,80.629997,17955400
112,2015-05-20,80.470001,81.099998,79.459999,80.550003,80.550003,23056900
113,2015-05-21,80.190002,80.919998,80.080002,80.480003,80.480003,13402700
114,2015-05-22,80.349998,81.309998,80.25,80.540001,80.540001,19567900
115,2015-05-26,80.43,80.599998,79.080002,79.330002,79.330002,16321300
116,2015-05-27,79.599998,80.660004,79.43,80.550003,80.550003,14160900
117,2015-05-28,80.25,81.07,80.0,80.150002,80.150002,11982000
118,2015-05-29,79.949997,80.07,78.879997,79.190002,79.190002,16134600
119,2015-06-01,79.300003,80.379997,78.660004,80.290001,80.290001,18119000
120,2015-06-02,79.760002,81.349998,79.559998,80.440002,80.440002,18923300
121,2015-06-03,81.349998,82.529999,81.25,82.440002,82.440002,31775000
122,2015-06-04,82.139999,82.949997,81.510002,82.050003,82.050003,20863900
123,2015-06-05,81.870003,82.459999,81.510002,82.139999,82.139999,16143100
124,2015-06-08,81.82,82.0,80.129997,80.669998,80.669998,16915500
125,2015-06-09,80.599998,81.190002,79.32,80.669998,80.669998,16497500
126,2015-06-10,80.830002,82.599998,80.809998,82.160004,82.160004,21531200
127,2015-06-11,82.309998,82.900002,81.360001,81.830002,81.830002,18656800
128,2015-06-12,81.370003,82.089996,81.199997,81.529999,81.529999,11417900
129,2015-06-15,80.550003,80.93,80.07,80.709999,80.709999,18805100
130,2015-06-16,80.82,81.510002,80.449997,81.059998,81.059998,13693700
131,2015-06-17,81.760002,82.220001,81.339996,81.790001,81.790001,18350300
132,2015-06-18,81.639999,83.190002,81.57,82.910004,82.910004,26782600
133,2015-06-19,82.830002,82.980003,82.120003,82.510002,82.510002,23353200
134,2015-06-22,83.410004,84.970001,83.309998,84.739998,84.739998,29383100
135,2015-06-23,84.959999,87.970001,84.760002,87.879997,87.879997,50667900
136,2015-06-24,87.660004,89.25,87.449997,88.860001,88.860001,41370200
137,2015-06-25,89.260002,89.400002,87.839996,87.980003,87.980003,27302000
138,2015-06-26,88.120003,88.339996,86.830002,88.010002,88.010002,38214600
139,2015-06-29,86.610001,87.5,85.730003,85.800003,85.800003,35957900
140,2015-06-30,86.599998,86.699997,85.57,85.769997,85.769997,23016500
141,2015-07-01,86.769997,87.949997,86.489998,86.910004,86.910004,25260000
142,2015-07-02,87.400002,87.440002,86.339996,87.290001,87.290001,16908800
143,2015-07-06,86.489998,88.190002,86.389999,87.550003,87.550003,24635900
144,2015-07-07,87.800003,87.849998,85.230003,87.220001,87.220001,33059900
145,2015-07-08,86.290001,86.75,85.449997,85.650002,85.650002,24399300
146,2015-07-09,86.730003,87.599998,85.650002,85.879997,85.879997,23307400
147,2015-07-10,87.349998,88.220001,86.769997,87.949997,87.949997,23245900
148,2015-07-13,88.660004,90.220001,88.419998,90.099998,90.099998,29976700
149,2015-07-14,90.459999,90.800003,89.650002,89.68,89.68,26627800
150,2015-07-15,90.0,90.989998,89.419998,89.760002,89.760002,30886600
151,2015-07-16,90.279999,90.860001,89.769997,90.849998,90.849998,21804100
152,2015-07-17,92.550003,95.389999,92.540001,94.970001,94.970001,54001600
153,2015-07-20,95.849998,98.599998,95.360001,97.910004,97.910004,54860500
154,2015-07-21,98.949997,99.239998,97.139999,98.389999,98.389999,39453300
155,2015-07-22,96.739998,97.580002,95.919998,97.040001,97.040001,28299500
156,2015-07-23,96.959999,97.449997,94.809998,95.440002,95.440002,29418800
157,2015-07-24,97.349998,97.760002,95.879997,96.949997,96.949997,33444900
158,2015-07-27,96.580002,96.610001,93.830002,94.169998,94.169998,38585400
159,2015-07-28,94.839996,95.559998,93.309998,95.290001,95.290001,35236000
160,2015-07-29,96.32,97.279999,94.739998,96.989998,96.989998,64648300
161,2015-07-30,94.910004,95.809998,91.800003,95.209999,95.209999,86211300
162,2015-07-31,94.949997,96.330002,93.949997,94.010002,94.010002,46509000
163,2015-08-03,93.529999,95.080002,92.800003,94.139999,94.139999,29343100
164,2015-08-04,93.790001,94.730003,93.330002,94.059998,94.059998,20136000
165,2015-08-05,95.25,97.089996,95.18,96.440002,96.440002,29813200
166,2015-08-06,97.18,98.739998,94.419998,95.120003,95.120003,42271300
167,2015-08-07,95.379997,95.400002,93.610001,94.300003,94.300003,23199100
168,2015-08-10,95.68,95.900002,93.629997,94.150002,94.150002,21624200
169,2015-08-11,93.730003,94.760002,92.900002,93.620003,93.620003,22491000
170,2015-08-12,92.699997,94.440002,91.190002,94.190002,94.190002,27050500
171,2015-08-13,94.050003,94.730003,93.349998,93.43,93.43,17451800
172,2015-08-14,93.540001,94.720001,93.209999,94.419998,94.419998,15929700
173,2015-08-17,94.419998,94.459999,93.389999,93.93,93.93,18313500
174,2015-08-18,94.080002,95.849998,94.040001,95.169998,95.169998,22278800
175,2015-08-19,94.629997,96.099998,94.160004,95.309998,95.309998,23251300
176,2015-08-20,93.540001,94.769997,90.459999,90.559998,90.559998,44598200
177,2015-08-21,87.519997,89.18,85.610001,86.059998,86.059998,62778700
178,2015-08-24,77.029999,82.089996,72.0,82.089996,82.089996,83710700
179,2015-08-25,86.949997,87.669998,83.0,83.0,83.0,52021200
180,2015-08-26,85.949997,87.459999,83.260002,87.190002,87.190002,45124300
181,2015-08-27,89.099998,90.059998,87.190002,89.730003,89.730003,42431400
182,2015-08-28,89.879997,91.480003,89.790001,91.010002,91.010002,33215900
183,2015-08-31,90.599998,91.050003,88.889999,89.43,89.43,32850700
184,2015-09-01,86.849998,89.389999,86.5,87.230003,87.230003,36097400
185,2015-09-02,88.809998,89.889999,87.629997,89.889999,89.889999,27190500
186,2015-09-03,89.760002,89.82,87.730003,88.150002,88.150002,27048200
187,2015-09-04,87.199997,88.389999,86.699997,88.260002,88.260002,27328700
188,2015-09-08,89.690002,90.239998,88.830002,89.529999,89.529999,27012500
189,2015-09-09,90.779999,91.980003,90.169998,90.440002,90.440002,32551100
190,2015-09-10,90.07,92.059998,89.629997,91.980003,91.980003,26437400
191,2015-09-11,91.68,92.080002,91.129997,92.050003,92.050003,21185000
192,2015-09-14,92.309998,92.620003,91.599998,92.309998,92.309998,20127900
193,2015-09-15,92.370003,93.25,91.790001,92.900002,92.900002,18859400
194,2015-09-16,92.900002,93.599998,92.629997,93.449997,93.449997,16321200
195,2015-09-17,93.370003,95.510002,92.900002,94.339996,94.339996,27841800
196,2015-09-18,93.199997,95.190002,93.050003,94.400002,94.400002,62300000
197,2015-09-21,94.620003,96.489998,94.519997,95.550003,95.550003,28790000
198,2015-09-22,93.769997,94.68,91.919998,92.959999,92.959999,36888900
199,2015-09-23,93.400002,94.32,92.800003,93.970001,93.970001,21701400
200,2015-09-24,93.059998,94.769997,92.239998,94.410004,94.410004,29106000
201,2015-09-25,95.790001,95.849998,92.059998,92.769997,92.769997,28961600
202,2015-09-28,92.080002,92.290001,88.18,89.209999,89.209999,41199900
203,2015-09-29,89.099998,90.059998,85.720001,86.669998,86.669998,42281800
204,2015-09-30,88.440002,90.019997,88.010002,89.900002,89.900002,36169100
205,2015-10-01,90.050003,90.949997,88.360001,90.949997,90.949997,29283700
206,2015-10-02,88.900002,92.199997,88.370003,92.07,92.07,37881700
207,2015-10-05,92.940002,94.269997,92.660004,94.010002,94.010002,27292500
208,2015-10-06,94.080002,94.169998,92.339996,92.800003,92.800003,22172800
209,2015-10-07,93.110001,93.660004,91.370003,92.400002,92.400002,24129300
210,2015-10-08,91.889999,93.220001,90.470001,92.470001,92.470001,27290500
211,2015-10-09,92.900002,93.739998,92.239998,93.239998,93.239998,20012900
212,2015-10-12,93.32,94.599998,92.669998,94.260002,94.260002,18449600
213,2015-10-13,93.660004,95.370003,93.550003,94.120003,94.120003,19480300
214,2015-10-14,94.080002,95.199997,93.610001,94.07,94.07,19253400
215,2015-10-15,94.989998,96.300003,94.900002,95.959999,95.959999,27557500
216,2015-10-16,96.18,97.589996,95.349998,97.540001,97.540001,25412900
217,2015-10-19,97.18,98.57,96.919998,98.470001,98.470001,23729900
218,2015-10-20,98.730003,99.589996,96.559998,97.0,97.0,30881800
219,2015-10-21,97.370003,98.18,96.470001,97.110001,97.110001,21917800
220,2015-10-22,97.790001,99.730003,97.550003,99.669998,99.669998,26392100
221,2015-10-23,101.910004,102.849998,100.160004,102.190002,102.190002,42809700
222,2015-10-26,102.199997,103.809998,101.550003,103.769997,103.769997,25961200
223,2015-10-27,102.940002,104.099998,102.400002,103.699997,103.699997,23795500
224,2015-10-28,103.900002,104.480003,102.919998,104.199997,104.199997,24081500
225,2015-10-29,103.959999,105.120003,103.519997,104.879997,104.879997,20316700
226,2015-10-30,104.510002,104.720001,101.650002,101.970001,101.970001,33487100
227,2015-11-02,101.720001,103.470001,101.18,103.309998,103.309998,24003900
228,2015-11-03,103.220001,103.650002,102.400002,102.580002,102.580002,21242300
229,2015-11-04,103.190002,104.139999,102.480003,103.940002,103.940002,43469300
230,2015-11-05,108.800003,110.650002,107.949997,108.760002,108.760002,63232900
231,2015-11-06,108.040001,108.739998,105.910004,107.099998,107.099998,35084300
232,2015-11-09,107.0,108.25,105.860001,106.489998,106.489998,26383500
233,2015-11-10,105.959999,108.150002,105.239998,107.910004,107.910004,25031700
234,2015-11-11,108.269997,109.870003,107.110001,109.010002,109.010002,25057100
235,2015-11-12,108.480003,109.389999,108.0,108.019997,108.019997,20924700
236,2015-11-13,107.709999,108.25,103.830002,103.949997,103.949997,30278400
237,2015-11-16,103.32,104.169998,100.470001,104.040001,104.040001,49309200
238,2015-11-17,104.620003,106.199997,104.139999,105.129997,105.129997,26807200
239,2015-11-18,105.800003,107.879997,105.389999,107.769997,107.769997,23836500
240,2015-11-19,107.360001,107.730003,105.949997,106.260002,106.260002,25520600
241,2015-11-20,106.839996,107.870003,106.620003,107.32,107.32,22129600
242,2015-11-23,107.190002,107.470001,106.080002,106.949997,106.949997,19897200
243,2015-11-24,106.0,106.489998,104.389999,105.739998,105.739998,23577300
244,2015-11-25,106.330002,106.599998,105.099998,105.410004,105.410004,15150800
245,2015-11-27,105.779999,105.959999,104.860001,105.449997,105.449997,5913100
246,2015-11-30,105.839996,106.099998,103.75,104.239998,104.239998,20383200
247,2015-12-01,104.830002,107.150002,104.5,107.120003,107.120003,22781900
248,2015-12-02,107.0,107.919998,105.790001,106.07,106.07,24429100
249,2015-12-03,106.269997,106.849998,103.349998,104.379997,104.379997,23236500
250,2015-12-04,104.809998,107.730003,104.110001,106.18,106.18,21224700
251,2015-12-07,106.480003,106.830002,104.660004,105.610001,105.610001,15474900
252,2015-12-08,104.0,106.910004,103.949997,106.489998,106.489998,20401800
253,2015-12-09,106.18,106.440002,103.550003,104.599998,104.599998,23517300
254,2015-12-10,105.050003,106.400002,104.410004,105.419998,105.419998,17454300
255,2015-12-11,104.150002,104.339996,101.910004,102.120003,102.120003,26427700
256,2015-12-14,102.290001,104.739998,101.459999,104.660004,104.660004,24648100
257,2015-12-15,105.300003,105.800003,104.279999,104.550003,104.550003,21764300
258,2015-12-16,105.370003,107.089996,104.190002,106.790001,106.790001,22680500
259,2015-12-17,107.489998,107.75,106.129997,106.220001,106.220001,21675700
260,2015-12-18,106.080002,106.589996,103.970001,104.040001,104.040001,35994200
261,2015-12-21,104.910004,105.150002,103.599998,104.769997,104.769997,16138800
262,2015-12-22,105.220001,105.660004,104.809998,105.510002,105.510002,14597100
263,2015-12-23,105.889999,106.110001,103.860001,104.629997,104.629997,19599700
264,2015-12-24,104.739998,105.32,104.5,105.019997,105.019997,6501800
265,2015-12-28,105.019997,105.980003,104.529999,105.93,105.93,13069700
266,2015-12-29,106.419998,107.739998,106.25,107.260002,107.260002,17179900
267,2015-12-30,107.0,107.25,106.059998,106.220001,106.220001,13115000
268,2015-12-31,106.0,106.169998,104.620003,104.660004,104.660004,18391100
269,2016-01-04,101.949997,102.239998,99.75,102.220001,102.220001,37912400
270,2016-01-05,102.889999,103.709999,101.669998,102.730003,102.730003,23258200
271,2016-01-06,101.129997,103.769997,100.900002,102.970001,102.970001,25096200
272,2016-01-07,100.5,101.43,97.300003,97.919998,97.919998,45172900
273,2016-01-08,99.879997,100.5,97.029999,97.330002,97.330002,35402300
274,2016-01-11,97.910004,98.599998,95.389999,97.510002,97.510002,29932400
275,2016-01-12,99.0,99.959999,97.550003,99.370003,99.370003,28395400
276,2016-01-13,100.580002,100.580002,95.209999,95.440002,95.440002,33410600
277,2016-01-14,95.849998,98.870003,92.449997,98.370003,98.370003,48658600
278,2016-01-15,93.980003,96.379997,93.540001,94.970001,94.970001,46132800
279,2016-01-19,96.529999,97.419998,93.919998,95.260002,95.260002,30998300
280,2016-01-20,92.830002,95.0,89.370003,94.349998,94.349998,59051400
281,2016-01-21,94.910004,95.989998,92.620003,94.160004,94.160004,30518900
282,2016-01-22,96.410004,98.07,95.489998,97.940002,97.940002,30495400
283,2016-01-25,98.720001,99.480003,96.93,97.010002,97.010002,32482000
284,2016-01-26,97.760002,97.879997,95.660004,97.339996,97.339996,26877100
285,2016-01-27,97.790001,97.849998,94.230003,94.449997,94.449997,58699400
286,2016-01-28,107.199997,110.339996,104.809998,109.110001,109.110001,107475300
287,2016-01-29,108.989998,112.839996,108.839996,112.209999,112.209999,62739500
288,2016-02-01,112.269997,115.720001,112.010002,115.089996,115.089996,46132700
289,2016-02-02,114.800003,117.589996,113.199997,114.610001,114.610001,59778600
290,2016-02-03,115.269997,115.339996,109.75,112.690002,112.690002,56919300
291,2016-02-04,111.800003,111.940002,109.25,110.489998,110.489998,38890200
292,2016-02-05,109.510002,109.580002,103.18,104.07,104.07,76894700
293,2016-02-08,100.410004,102.68,97.459999,99.75,99.75,71229700
294,2016-02-09,97.139999,102.400002,96.82,99.540001,99.540001,62709000
295,2016-02-10,101.550003,103.25,100.239998,101.0,101.0,45179400
296,2016-02-11,99.599998,105.110001,98.879997,101.910004,101.910004,43670600
297,2016-02-12,103.739998,104.239998,101.089996,102.010002,102.010002,36176800
298,2016-02-16,103.800003,103.93,100.239998,101.610001,101.610001,45687200
299,2016-02-17,102.019997,105.720001,100.400002,105.199997,105.199997,44073400
300,2016-02-18,105.800003,106.0,103.029999,103.470001,103.470001,29593500
301,2016-02-19,102.550003,105.019997,102.059998,104.57,104.57,32404500
302,2016-02-22,105.489998,108.25,105.339996,107.160004,107.160004,35709700
303,2016-02-23,106.849998,107.470001,105.120003,105.459999,105.459999,25319300
304,2016-02-24,104.209999,106.949997,102.739998,106.879997,106.879997,34412400
305,2016-02-25,107.110001,108.07,105.610001,108.07,108.07,29906300
306,2016-02-26,108.699997,109.449997,107.160004,107.919998,107.919998,26686200
307,2016-02-29,107.599998,108.910004,106.75,106.919998,106.919998,32779000
308,2016-03-01,107.830002,109.82,107.599998,109.82,109.82,26817300
309,2016-03-02,109.68,110.550003,108.769997,109.949997,109.949997,25670200
310,2016-03-03,110.25,110.300003,108.540001,109.580002,109.580002,21353100
311,2016-03-04,110.050003,110.050003,107.93,108.389999,108.389999,24938900
312,2016-03-07,108.07,108.07,104.720001,105.730003,105.730003,31436400
313,2016-03-08,104.779999,107.370003,104.400002,105.93,105.93,25617000
314,2016-03-09,106.699997,107.510002,105.489998,107.510002,107.510002,20493300
315,2016-03-10,107.910004,108.660004,105.769997,107.32,107.32,24854300
316,2016-03-11,108.480003,109.419998,107.919998,109.410004,109.410004,20697600
317,2016-03-14,109.279999,110.330002,108.769997,109.889999,109.889999,17249400
318,2016-03-15,109.110001,110.830002,108.839996,110.669998,110.669998,17618500
319,2016-03-16,110.489998,112.5,110.099998,112.18,112.18,24744800
320,2016-03-17,112.150002,112.690002,110.730003,111.019997,111.019997,24241200
321,2016-03-18,111.559998,112.419998,110.269997,111.449997,111.449997,36256900
322,2016-03-21,111.660004,112.370003,111.029999,111.849998,111.849998,18448000
323,2016-03-22,111.360001,112.879997,111.169998,112.25,112.25,19001100
324,2016-03-23,112.010002,113.190002,112.0,112.540001,112.540001,18562000
325,2016-03-24,112.129997,113.089996,111.68,113.050003,113.050003,17839100
326,2016-03-28,113.32,114.589996,112.949997,113.690002,113.690002,21351800
327,2016-03-29,113.830002,116.32,113.639999,116.139999,116.139999,29825300
328,2016-03-30,116.730003,116.989998,114.360001,114.699997,114.699997,33235200
329,2016-03-31,114.699997,115.010002,113.769997,114.099998,114.099998,21207500
330,2016-04-01,113.75,116.169998,113.349998,116.059998,116.059998,24760500
331,2016-04-04,114.07,114.550003,111.610001,112.550003,112.550003,48487900
332,2016-04-05,112.110001,113.32,111.900002,112.220001,112.220001,22962400
333,2016-04-06,112.470001,113.809998,112.419998,113.709999,113.709999,20814600
334,2016-04-07,113.790001,114.889999,113.07,113.639999,113.639999,20714500
335,2016-04-08,114.25,114.330002,109.900002,110.629997,110.629997,48497800
336,2016-04-11,110.699997,110.910004,108.769997,108.989998,108.989998,39762300
337,2016-04-12,109.339996,111.160004,108.989998,110.610001,110.610001,26248100
338,2016-04-13,112.230003,112.650002,106.519997,110.510002,110.510002,88227400
339,2016-04-14,110.620003,112.040001,110.260002,110.839996,110.839996,28473300
340,2016-04-15,110.790001,110.970001,109.199997,109.639999,109.639999,20922800
341,2016-04-18,109.739998,110.809998,109.199997,110.449997,110.449997,21167200
342,2016-04-19,111.099998,112.449997,109.160004,112.290001,112.290001,30210500
343,2016-04-20,112.43,113.269997,111.559998,112.419998,112.419998,21027900
344,2016-04-21,112.550003,114.040001,112.309998,113.440002,113.440002,20875200
345,2016-04-22,111.209999,111.75,109.010002,110.559998,110.559998,38458200
346,2016-04-25,109.870003,110.669998,109.07,110.099998,110.099998,21017900
347,2016-04-26,110.489998,110.5,108.150002,108.760002,108.760002,22521500
348,2016-04-27,107.940002,108.940002,106.309998,108.889999,108.889999,52213100
349,2016-04-28,119.580002,120.790001,116.230003,116.730003,116.730003,87110100
350,2016-04-29,116.82,117.839996,115.839996,117.580002,117.580002,37140600
351,2016-05-02,117.830002,118.730003,116.57,118.57,118.57,28095200
352,2016-05-03,117.519997,118.160004,117.019997,117.43,117.43,24117500
353,2016-05-04,116.610001,118.300003,116.57,118.059998,118.059998,23448400
354,2016-05-05,118.040001,118.980003,117.25,117.809998,117.809998,22056700
355,2016-05-06,117.160004,119.639999,117.110001,119.489998,119.489998,26395600
356,2016-05-09,119.540001,120.279999,118.900002,119.239998,119.239998,21138100
357,2016-05-10,119.620003,120.5,119.0,120.5,120.5,23220000
358,2016-05-11,120.410004,121.080002,119.419998,119.519997,119.519997,22038400
359,2016-05-12,119.980003,120.839996,118.900002,120.279999,120.279999,22035500
360,2016-05-13,120.379997,120.639999,119.68,119.809998,119.809998,18124300
361,2016-05-16,119.379997,119.610001,117.349998,118.669998,118.669998,31247800
362,2016-05-17,118.82,119.010002,117.199997,117.349998,117.349998,21328600
363,2016-05-18,116.800003,118.269997,116.730003,117.650002,117.650002,21642300
364,2016-05-19,117.050003,117.489998,115.879997,116.809998,116.809998,20544100
365,2016-05-20,116.959999,117.989998,116.949997,117.349998,117.349998,18944800
366,2016-05-23,117.419998,117.599998,115.940002,115.970001,115.970001,20441000
367,2016-05-24,116.239998,117.730003,116.120003,117.699997,117.699997,20183600
368,2016-05-25,118.129997,118.669998,117.379997,117.889999,117.889999,20019800
369,2016-05-26,118.239998,119.760002,117.919998,119.470001,119.470001,18481300
370,2016-05-27,119.559998,119.849998,119.010002,119.379997,119.379997,13493600
371,2016-05-31,119.459999,120.099998,118.120003,118.809998,118.809998,23547600
372,2016-06-01,118.5,119.080002,117.82,118.779999,118.779999,15029500
373,2016-06-02,118.690002,119.440002,118.220001,118.93,118.93,13228300
374,2016-06-03,118.980003,118.980003,117.860001,118.470001,118.470001,14135100
375,2016-06-06,118.620003,119.43,118.360001,118.790001,118.790001,12744700
376,2016-06-07,119.239998,119.300003,117.669998,117.760002,117.760002,17103000
377,2016-06-08,117.760002,118.599998,117.269997,118.389999,118.389999,14505600
378,2016-06-09,118.129997,118.68,117.709999,118.559998,118.559998,13859200
379,2016-06-10,117.540001,118.110001,116.260002,116.620003,116.620003,18510800
380,2016-06-13,115.0,115.480003,113.309998,113.949997,113.949997,31718200
381,2016-06-14,114.07,114.949997,113.580002,114.940002,114.940002,17618500
382,2016-06-15,115.300003,115.440002,114.07,114.599998,114.599998,19819400
383,2016-06-16,113.870003,114.5,112.940002,114.389999,114.389999,19236300
384,2016-06-17,114.419998,114.43,112.559998,113.019997,113.019997,24644300
385,2016-06-20,113.769997,114.720001,112.75,113.370003,113.370003,20785400
386,2016-06-21,114.120003,115.209999,113.970001,114.379997,114.379997,19166300
387,2016-06-22,114.650002,114.739998,113.610001,113.910004,113.910004,14846300
388,2016-06-23,114.370003,115.089996,113.540001,115.080002,115.080002,16176900
389,2016-06-24,111.010002,113.68,111.0,112.080002,112.080002,40643100
390,2016-06-27,111.57,111.57,108.230003,108.970001,108.970001,36130400
391,2016-06-28,110.629997,112.75,110.550003,112.699997,112.699997,26813800
392,2016-06-29,113.370003,114.25,113.040001,114.160004,114.160004,20968300
393,2016-06-30,114.669998,115.18,113.669998,114.279999,114.279999,23192700
394,2016-07-01,114.199997,115.129997,113.809998,114.190002,114.190002,14980000
395,2016-07-05,113.940002,114.199997,112.970001,114.199997,114.199997,14207000
396,2016-07-06,113.360001,116.790001,112.970001,116.699997,116.699997,24337600
397,2016-07-07,116.629997,116.970001,115.360001,115.849998,115.849998,16630200
398,2016-07-08,116.43,117.5,115.849998,117.239998,117.239998,18142600
399,2016-07-11,117.709999,118.699997,117.5,117.870003,117.870003,17711600
400,2016-07-12,118.629997,118.720001,117.57,117.93,117.93,15217700
401,2016-07-13,118.389999,118.400002,116.68,116.779999,116.779999,16207700
402,2016-07-14,117.5,117.639999,116.699997,117.290001,117.290001,14579700
403,2016-07-15,117.739998,118.279999,116.580002,116.860001,116.860001,16646000
404,2016-07-18,117.32,119.610001,116.889999,119.370003,119.370003,20868400
405,2016-07-19,118.989998,120.849998,118.660004,120.610001,120.610001,21541300
406,2016-07-20,121.25,122.199997,120.559998,121.919998,121.919998,20046500
407,2016-07-21,121.919998,122.099998,120.25,120.610001,120.610001,17801700
408,2016-07-22,119.900002,121.010002,119.309998,121.0,121.0,18422400
409,2016-07-25,121.389999,121.849998,117.779999,121.629997,121.629997,18487400
410,2016-07-26,122.0,122.07,120.75,121.220001,121.220001,17612000
411,2016-07-27,122.419998,125.0,121.510002,123.339996,123.339996,52654200
412,2016-07-28,127.519997,128.330002,123.629997,125.0,125.0,78955800
413,2016-07-29,124.650002,125.839996,123.709999,123.940002,123.940002,35058800
414,2016-08-01,123.849998,124.580002,122.860001,124.309998,124.309998,25006900
415,2016-08-02,124.059998,124.800003,122.07,123.089996,123.089996,23968400
416,2016-08-03,123.089996,123.919998,122.309998,122.510002,122.510002,18525300
417,2016-08-04,122.940002,124.790001,122.510002,124.360001,124.360001,21066000
418,2016-08-05,124.980003,125.839996,124.620003,125.150002,125.150002,20184000
419,2016-08-08,125.25,125.449997,124.550003,125.260002,125.260002,15233900
420,2016-08-09,125.339996,126.089996,124.529999,125.059998,125.059998,19621000
421,2016-08-10,125.07,125.480003,124.540001,124.879997,124.879997,10670100
422,2016-08-11,125.199997,125.379997,124.75,124.900002,124.900002,11729500
423,2016-08-12,124.699997,125.0,124.18,124.879997,124.879997,12159000
424,2016-08-15,124.910004,124.919998,123.699997,123.900002,123.900002,19295100
425,2016-08-16,123.5,123.919998,122.779999,123.300003,123.300003,14222400
426,2016-08-17,123.660004,124.379997,122.849998,124.370003,124.370003,13794200
427,2016-08-18,124.010002,124.260002,123.639999,123.910004,123.910004,12400800
428,2016-08-19,123.599998,124.160004,123.279999,123.559998,123.559998,11688300
429,2016-08-22,123.330002,124.830002,123.110001,124.150002,124.150002,14386400
430,2016-08-23,124.510002,125.089996,124.25,124.370003,124.370003,13309500
431,2016-08-24,124.470001,124.690002,123.089996,123.480003,123.480003,12243700
432,2016-08-25,123.120003,124.370003,123.099998,123.889999,123.889999,10730800
433,2016-08-26,124.050003,125.190002,123.910004,124.959999,124.959999,17504800
434,2016-08-29,124.349998,126.730003,124.349998,126.540001,126.540001,15925900
435,2016-08-30,126.599998,126.599998,125.150002,125.839996,125.839996,17804300
436,2016-08-31,125.599998,126.220001,125.099998,126.120003,126.120003,14200600
437,2016-09-01,126.379997,126.629997,125.599998,126.169998,126.169998,13536100
438,2016-09-02,126.849998,126.860001,126.0,126.510002,126.510002,12118800
439,2016-09-06,126.669998,129.940002,126.470001,129.729996,129.729996,26278400
440,2016-09-07,130.039993,131.979996,129.949997,131.050003,131.050003,27990800
441,2016-09-08,130.919998,131.080002,129.809998,130.270004,130.270004,15676600
442,2016-09-09,129.710007,129.949997,127.099998,127.099998,127.099998,27100700
443,2016-09-12,125.959999,128.759995,125.75,128.690002,128.690002,21252800
444,2016-09-13,128.029999,128.350006,126.660004,127.209999,127.209999,18016200
445,2016-09-14,126.889999,128.800003,126.889999,127.769997,127.769997,15691100
446,2016-09-15,127.980003,129.100006,127.669998,128.350006,128.350006,15077200
447,2016-09-16,128.199997,129.179993,128.199997,129.070007,129.070007,24119200
448,2016-09-19,129.910004,129.940002,128.259995,128.649994,128.649994,14958800
449,2016-09-20,128.649994,129.169998,128.029999,128.639999,128.639999,11083800
450,2016-09-21,129.130005,130.009995,128.389999,129.940002,129.940002,14068300
451,2016-09-22,130.5,130.729996,129.559998,130.080002,130.080002,15538300
452,2016-09-23,127.559998,128.600006,127.300003,127.959999,127.959999,28326300
453,2016-09-26,127.370003,128.160004,126.800003,127.309998,127.309998,15064900
454,2016-09-27,127.610001,129.009995,127.43,128.690002,128.690002,15637100
455,2016-09-28,129.210007,129.470001,128.399994,129.229996,129.229996,12047600
456,2016-09-29,129.179993,129.289993,127.550003,128.089996,128.089996,14532200
457,2016-09-30,128.029999,128.589996,127.449997,128.270004,128.270004,18402900
458,2016-10-03,128.380005,129.089996,127.800003,128.770004,128.770004,13156900
459,2016-10-04,129.169998,129.279999,127.550003,128.190002,128.190002,14307500
460,2016-10-05,128.25,128.800003,127.830002,128.470001,128.470001,12386800
461,2016-10-06,128.429993,129.059998,128.080002,128.740005,128.740005,11682700
462,2016-10-07,129.039993,129.25,128.330002,128.990005,128.990005,12804400
463,2016-10-10,129.679993,130.699997,129.199997,130.240005,130.240005,15138700
464,2016-10-11,130.229996,130.639999,128.229996,128.880005,128.880005,17537900
465,2016-10-12,129.009995,129.660004,128.460007,129.050003,129.050003,11073000
466,2016-10-13,128.210007,128.25,126.75,127.82,127.82,17139300
467,2016-10-14,128.490005,128.949997,127.580002,127.879997,127.879997,13345300
468,2016-10-17,128.199997,128.470001,127.32,127.540001,127.540001,11351700
469,2016-10-18,128.679993,129.389999,128.009995,128.570007,128.570007,13504000
470,2016-10-19,128.740005,130.470001,128.600006,130.110001,130.110001,16752300
471,2016-10-20,130.070007,130.660004,129.5,130.0,130.0,13167500
472,2016-10-21,129.779999,132.130005,129.699997,132.070007,132.070007,19088800
473,2016-10-24,132.720001,133.410004,132.149994,133.279999,133.279999,17470200
474,2016-10-25,133.5,133.5,132.220001,132.289993,132.289993,13336800
475,2016-10-26,131.639999,132.259995,130.940002,131.039993,131.039993,13084700
476,2016-10-27,131.740005,131.800003,129.270004,129.690002,129.690002,16741400
477,2016-10-28,130.5,132.970001,129.929993,131.289993,131.289993,24545500
478,2016-10-31,132.009995,132.119995,130.880005,130.990005,130.990005,15669000
479,2016-11-01,131.410004,131.940002,128.649994,129.5,129.5,22077800
480,2016-11-02,130.229996,130.229996,126.279999,127.169998,127.169998,39640900
481,2016-11-03,122.0,123.279999,119.5,120.0,120.0,63766300
482,2016-11-04,119.589996,121.93,119.25,120.75,120.75,30545500
483,2016-11-07,122.830002,123.209999,121.349998,122.150002,122.150002,23008900
484,2016-11-08,122.029999,124.610001,121.540001,124.220001,124.220001,19460800
485,2016-11-09,121.5,123.809998,120.510002,123.18,123.18,31916000
486,2016-11-10,123.93,124.18,115.269997,120.800003,120.800003,67846700
487,2016-11-11,119.529999,120.699997,118.150002,119.019997,119.019997,32840100
488,2016-11-14,119.129997,119.129997,113.550003,115.080002,115.080002,51377000
489,2016-11-15,116.730003,118.489998,115.830002,117.199997,117.199997,34681400
490,2016-11-16,114.480003,117.879997,114.209999,116.339996,116.339996,32397900
491,2016-11-17,116.809998,117.790001,116.010002,117.790001,117.790001,18597800
492,2016-11-18,118.389999,119.129997,116.839996,117.019997,117.019997,22879300
493,2016-11-21,118.199997,121.949997,117.800003,121.769997,121.769997,35415400
494,2016-11-22,122.400002,122.980003,120.900002,121.470001,121.470001,26089200
495,2016-11-23,121.230003,121.309998,119.940002,120.839996,120.839996,15672100
496,2016-11-25,121.010002,121.139999,120.07,120.379997,120.379997,8658600
497,2016-11-28,120.120003,121.690002,119.82,120.410004,120.410004,18101300
498,2016-11-29,120.57,122.099998,120.400002,120.870003,120.870003,18891000
499,2016-11-30,120.32,121.790001,117.949997,118.419998,118.419998,30188900
500,2016-12-01,118.379997,118.449997,114.0,115.099998,115.099998,43277000
501,2016-12-02,115.110001,116.480003,114.300003,115.400002,115.400002,25070400
502,2016-12-05,115.949997,117.57,115.07,117.43,117.43,20201500
503,2016-12-06,117.690002,117.800003,116.330002,117.309998,117.309998,19131200
504,2016-12-07,117.0,117.949997,116.57,117.949997,117.949997,21913700
505,2016-12-08,117.980003,119.5,117.639999,118.910004,118.910004,22442800
506,2016-12-09,119.220001,119.940002,118.949997,119.68,119.68,17464700
507,2016-12-12,119.220001,119.239998,117.650002,117.769997,117.769997,17805500
508,2016-12-13,117.860001,121.519997,117.610001,120.309998,120.309998,29768000
509,2016-12-14,120.0,121.690002,118.849998,120.209999,120.209999,25913100
510,2016-12-15,120.080002,122.5,119.629997,120.57,120.57,20139600
511,2016-12-16,120.900002,121.5,119.269997,119.870003,119.870003,25324300
512,2016-12-19,119.849998,120.360001,118.510002,119.239998,119.239998,15918100
513,2016-12-20,119.5,119.769997,118.800003,119.089996,119.089996,13684400
514,2016-12-21,118.919998,119.199997,118.480003,119.040001,119.040001,10767600
515,2016-12-22,118.860001,118.989998,116.93,117.400002,117.400002,16258600
516,2016-12-23,117.0,117.559998,116.300003,117.269997,117.269997,10890000
517,2016-12-27,116.959999,118.68,116.860001,118.010002,118.010002,12051500
518,2016-12-28,118.190002,118.25,116.650002,116.919998,116.919998,12087400
519,2016-12-29,117.0,117.529999,116.059998,116.349998,116.349998,9934900
520,2016-12-30,116.599998,116.830002,114.769997,115.050003,115.050003,18684100
521,2017-01-03,116.029999,117.839996,115.510002,116.860001,116.860001,20663900
522,2017-01-04,117.550003,119.660004,117.290001,118.690002,118.690002,19630900
523,2017-01-05,118.860001,120.949997,118.32,120.669998,120.669998,19492200
524,2017-01-06,120.980003,123.879997,120.029999,123.410004,123.410004,28545300
525,2017-01-09,123.550003,125.43,123.040001,124.900002,124.900002,22880400
526,2017-01-10,124.82,125.5,124.279999,124.349998,124.349998,17324600
527,2017-01-11,124.349998,126.120003,124.059998,126.089996,126.089996,18356500
528,2017-01-12,125.610001,126.730003,124.800003,126.620003,126.620003,18653900
529,2017-01-13,127.489998,129.270004,127.370003,128.339996,128.339996,24884300
530,2017-01-17,128.039993,128.339996,127.400002,127.870003,127.870003,15294500
531,2017-01-18,128.410004,128.429993,126.839996,127.919998,127.919998,13145900
532,2017-01-19,128.229996,128.350006,127.449997,127.550003,127.550003,12195500
533,2017-01-20,128.100006,128.479996,126.779999,127.040001,127.040001,19097200
534,2017-01-23,127.309998,129.25,126.949997,128.929993,128.929993,16593600
535,2017-01-24,129.380005,129.899994,128.380005,129.369995,129.369995,15162700
536,2017-01-25,130.0,131.740005,129.770004,131.479996,131.479996,18731300
537,2017-01-26,131.630005,133.139999,131.440002,132.779999,132.779999,20020100
538,2017-01-27,132.679993,132.949997,131.080002,132.179993,132.179993,19539500
539,2017-01-30,131.580002,131.580002,129.600006,130.979996,130.979996,18956100
540,2017-01-31,130.169998,130.660004,129.520004,130.320007,130.320007,19790500
541,2017-02-01,132.25,133.490005,130.679993,133.229996,133.229996,50139800
542,2017-02-02,133.220001,135.490005,130.399994,130.839996,130.839996,54366400
543,2017-02-03,131.240005,132.850006,130.759995,130.979996,130.979996,24804900
544,2017-02-06,130.979996,132.059998,130.300003,132.059998,132.059998,17058500
545,2017-02-07,132.240005,133.0,131.660004,131.839996,131.839996,14596400
546,2017-02-08,132.600006,134.440002,132.440002,134.199997,134.199997,22390600
547,2017-02-09,134.490005,134.5,133.309998,134.139999,134.139999,16470600
548,2017-02-10,134.100006,134.940002,133.679993,134.190002,134.190002,15061900
549,2017-02-13,134.699997,134.699997,133.699997,134.050003,134.050003,13526200
550,2017-02-14,134.100006,134.229996,132.550003,133.850006,133.850006,14364900
551,2017-02-15,133.449997,133.699997,132.660004,133.440002,133.440002,13226500
552,2017-02-16,133.070007,133.869995,133.020004,133.839996,133.839996,12831100
553,2017-02-17,133.5,134.089996,133.169998,133.529999,133.529999,12276500
554,2017-02-21,133.5,133.910004,132.899994,133.720001,133.720001,14759100
555,2017-02-22,133.600006,136.789993,133.460007,136.119995,136.119995,27360100
556,2017-02-23,135.889999,136.119995,134.330002,135.360001,135.360001,18422500
557,2017-02-24,134.160004,135.619995,134.160004,135.440002,135.440002,12625700
558,2017-02-27,135.259995,137.179993,135.020004,136.410004,136.410004,14306700
559,2017-02-28,136.789993,136.809998,134.75,135.539993,135.539993,16112100
560,2017-03-01,136.470001,137.479996,136.300003,137.419998,137.419998,16257000
561,2017-03-02,137.089996,137.820007,136.309998,136.759995,136.759995,12294800
562,2017-03-03,136.630005,137.330002,136.080002,137.169998,137.169998,11160600
563,2017-03-06,136.880005,137.830002,136.509995,137.419998,137.419998,12748200
564,2017-03-07,137.029999,138.369995,136.990005,137.300003,137.300003,13527100
565,2017-03-08,137.149994,137.990005,137.050003,137.720001,137.720001,10184500
566,2017-03-09,137.720001,138.570007,137.399994,138.240005,138.240005,15535300
567,2017-03-10,138.910004,139.490005,138.220001,138.789993,138.789993,16314100
568,2017-03-13,138.710007,139.679993,138.669998,139.600006,139.600006,10955500
569,2017-03-14,139.460007,139.460007,138.520004,139.320007,139.320007,12944000
570,2017-03-15,139.289993,140.100006,138.490005,139.720001,139.720001,19344800
571,2017-03-16,140.199997,140.25,139.729996,139.990005,139.990005,13612900
572,2017-03-17,140.339996,140.339996,139.699997,139.839996,139.839996,20592800
573,2017-03-20,139.710007,140.190002,139.25,139.940002,139.940002,12099500
574,2017-03-21,141.149994,142.309998,138.399994,138.509995,138.509995,29894800
575,2017-03-22,137.929993,139.789993,137.600006,139.589996,139.589996,17055400
576,2017-03-23,139.479996,140.389999,139.089996,139.529999,139.529999,13022800
577,2017-03-24,140.080002,141.020004,139.759995,140.339996,140.339996,16664700
578,2017-03-27,139.050003,140.649994,138.770004,140.320007,140.320007,12800500
579,2017-03-28,140.360001,141.949997,140.009995,141.759995,141.759995,14679400
580,2017-03-29,141.990005,142.860001,141.429993,142.649994,142.649994,16527600
581,2017-03-30,142.399994,142.949997,141.850006,142.410004,142.410004,12404000
582,2017-03-31,142.309998,142.630005,141.889999,142.050003,142.050003,11478300
583,2017-04-03,141.929993,142.470001,140.820007,142.279999,142.279999,13564000
584,2017-04-04,141.860001,142.089996,141.270004,141.729996,141.729996,12948600
585,2017-04-05,142.259995,143.440002,141.289993,141.850006,141.850006,17158100
586,2017-04-06,142.110001,142.220001,140.910004,141.169998,141.169998,15103400
587,2017-04-07,141.199997,141.550003,140.240005,140.779999,140.779999,11818300
588,2017-04-10,141.0,141.429993,140.630005,141.039993,141.039993,9039400
589,2017-04-11,140.800003,141.029999,138.809998,139.919998,139.919998,16638100
590,2017-04-12,139.720001,140.399994,139.440002,139.580002,139.580002,11612500
591,2017-04-13,139.619995,140.580002,139.330002,139.389999,139.389999,10965600
592,2017-04-17,139.759995,141.550003,139.75,141.419998,141.419998,11519700
593,2017-04-18,141.270004,141.910004,140.610001,140.960007,140.960007,14807500
594,2017-04-19,141.350006,143.039993,141.270004,142.270004,142.270004,15563900
595,2017-04-20,142.949997,144.25,142.690002,143.800003,143.800003,15968200
596,2017-04-21,143.899994,144.169998,142.270004,143.679993,143.679993,12382000
597,2017-04-24,144.960007,145.669998,144.339996,145.470001,145.470001,14407200
598,2017-04-25,145.789993,147.149994,145.789993,146.490005,146.490005,17767500
599,2017-04-26,147.089996,147.589996,146.089996,146.559998,146.559998,12395000
600,2017-04-27,146.669998,147.75,146.139999,147.699997,147.699997,11275100
601,2017-04-28,149.5,151.529999,149.070007,150.25,150.25,30652200
602,2017-05-01,151.740005,152.570007,151.419998,152.460007,152.460007,25218300
603,2017-05-02,153.339996,153.440002,151.660004,152.779999,152.779999,21870400
604,2017-05-03,153.600006,153.600006,151.339996,151.800003,151.800003,29782500
605,2017-05-04,150.169998,151.520004,148.720001,150.850006,150.850006,36225500
606,2017-05-05,151.449997,151.630005,149.789993,150.240005,150.240005,17148500
607,2017-05-08,150.710007,151.080002,149.740005,151.059998,151.059998,15827500
608,2017-05-09,151.490005,152.589996,150.210007,150.479996,150.479996,17453900
609,2017-05-10,150.229996,150.520004,148.860001,150.289993,150.289993,12080700
610,2017-05-11,150.309998,150.649994,149.410004,150.039993,150.039993,11841900
611,2017-05-12,150.399994,150.460007,149.630005,150.330002,150.330002,9598200
612,2017-05-15,150.169998,151.479996,149.770004,150.190002,150.190002,15064700
613,2017-05-16,150.110001,150.210007,149.029999,149.779999,149.779999,14550800
614,2017-05-17,148.0,148.669998,144.419998,144.850006,144.850006,28300100
615,2017-05-18,144.720001,148.149994,144.509995,147.660004,147.660004,23031600
616,2017-05-19,148.449997,149.389999,147.960007,148.059998,148.059998,16187900
617,2017-05-22,148.080002,148.589996,147.690002,148.240005,148.240005,12586700
618,2017-05-23,148.520004,148.809998,147.25,148.070007,148.070007,12817800
619,2017-05-24,148.509995,150.229996,148.419998,150.039993,150.039993,17862400
620,2017-05-25,150.300003,152.589996,149.949997,151.960007,151.960007,19891400
621,2017-05-26,152.229996,152.25,151.149994,152.130005,152.130005,14996200
622,2017-05-30,151.970001,152.899994,151.639999,152.380005,152.380005,13226000
623,2017-05-31,152.699997,153.350006,151.089996,151.460007,151.460007,18023900
624,2017-06-01,151.75,152.289993,150.300003,151.529999,151.529999,14530600
625,2017-06-02,151.850006,153.630005,151.300003,153.610001,153.610001,16854400
626,2017-06-05,153.639999,154.710007,153.410004,153.630005,153.630005,12520400
627,2017-06-06,153.410004,154.520004,152.479996,152.809998,152.809998,13457100
628,2017-06-07,153.270004,153.75,152.339996,153.119995,153.119995,12066700
629,2017-06-08,154.080002,154.729996,153.100006,154.710007,154.710007,17799400
630,2017-06-09,154.770004,155.589996,146.610001,149.600006,149.600006,35577700
631,2017-06-12,148.169998,149.199997,144.559998,148.440002,148.440002,33170200
632,2017-06-13,150.149994,151.179993,148.899994,150.679993,150.679993,20483400
633,2017-06-14,151.259995,152.399994,149.050003,150.25,150.25,20808800
634,2017-06-15,147.669998,150.039993,146.369995,149.800003,149.800003,18994200
635,2017-06-16,149.589996,150.830002,148.600006,150.639999,150.639999,22882400
636,2017-06-19,151.710007,153.570007,151.710007,152.869995,152.869995,19026500
637,2017-06-20,152.880005,153.839996,152.210007,152.25,152.25,14743900
638,2017-06-21,152.360001,154.080002,151.880005,153.910004,153.910004,15039800
639,2017-06-22,153.009995,154.550003,152.910004,153.399994,153.399994,13005500
640,2017-06-23,152.720001,155.199997,152.649994,155.070007,155.070007,18027000
641,2017-06-26,156.25,156.5,153.199997,153.589996,153.589996,18049700
642,2017-06-27,152.839996,153.309998,150.389999,150.580002,150.580002,19360800
643,2017-06-28,150.919998,153.470001,149.860001,153.240005,153.240005,16719100
644,2017-06-29,152.279999,152.5,148.919998,151.039993,151.039993,23973500
645,2017-06-30,151.899994,151.919998,150.059998,150.979996,150.979996,17666000
646,2017-07-03,151.720001,152.149994,147.800003,148.429993,148.429993,13862700
647,2017-07-05,149.0,150.850006,148.130005,150.339996,150.339996,14334300
648,2017-07-06,149.029999,150.039993,148.0,148.820007,148.820007,14951800
649,2017-07-07,149.25,151.990005,149.190002,151.440002,151.440002,13615900
650,2017-07-10,151.690002,153.979996,151.509995,153.5,153.5,13378700
651,2017-07-11,153.369995,155.419998,152.910004,155.270004,155.270004,13667700
652,2017-07-12,156.490005,159.160004,156.199997,158.899994,158.899994,22739400
653,2017-07-13,158.740005,159.779999,158.419998,159.259995,159.259995,13929200
654,2017-07-14,160.130005,160.320007,159.330002,159.970001,159.970001,16371200
655,2017-07-17,160.25,160.779999,158.809998,159.729996,159.729996,12858800
656,2017-07-18,159.660004,163.729996,159.419998,162.860001,162.860001,23722900
657,2017-07-19,163.589996,165.699997,163.169998,164.139999,164.139999,26273600
658,2017-07-20,164.800003,165.0,162.809998,164.529999,164.529999,18523100
659,2017-07-21,164.160004,165.050003,163.75,164.429993,164.429993,14744000
660,2017-07-24,164.639999,166.169998,164.309998,166.0,166.0,17367000
661,2017-07-25,165.009995,165.539993,163.860001,165.279999,165.279999,15383200
662,2017-07-26,166.009995,166.009995,164.100006,165.610001,165.610001,35236900
663,2017-07-27,174.699997,175.490005,167.5,170.440002,170.440002,68910700
664,2017-07-28,169.070007,173.429993,169.050003,172.449997,172.449997,24557600
665,2017-07-31,172.0,172.720001,168.550003,169.25,169.25,25478900
666,2017-08-01,169.820007,170.470001,169.050003,169.860001,169.860001,14385000
667,2017-08-02,170.300003,170.550003,166.910004,169.300003,169.300003,17433800
668,2017-08-03,169.300003,169.699997,168.25,168.589996,168.589996,10793800
669,2017-08-04,168.970001,170.059998,168.690002,169.619995,169.619995,10777700
670,2017-08-07,169.949997,172.059998,169.660004,171.979996,171.979996,12787800
671,2017-08-08,171.880005,173.050003,170.619995,171.229996,171.229996,14393500
672,2017-08-09,169.979996,171.449997,169.559998,171.179993,171.179993,10815000
673,2017-08-10,170.059998,170.589996,166.850006,167.399994,167.399994,20832700
674,2017-08-11,167.949997,168.820007,166.850006,168.080002,168.080002,13791200
675,2017-08-14,170.089996,171.080002,169.289993,170.75,170.75,12954200
676,2017-08-15,171.490005,171.5,170.009995,171.0,171.0,8729200
677,2017-08-16,171.25,171.380005,169.240005,170.0,170.0,15779900
678,2017-08-17,169.339996,169.860001,166.850006,166.910004,166.910004,17216000
679,2017-08-18,166.839996,168.669998,166.210007,167.410004,167.410004,15093600
680,2017-08-21,167.160004,168.0,165.820007,167.779999,167.779999,11907500
681,2017-08-22,168.279999,169.869995,167.149994,169.639999,169.639999,11391000
682,2017-08-23,168.839996,169.360001,168.199997,168.710007,168.710007,9856500
683,2017-08-24,168.880005,169.289993,166.410004,167.740005,167.740005,14030400
684,2017-08-25,167.860001,168.380005,166.179993,166.320007,166.320007,12614500
685,2017-08-28,166.910004,167.699997,166.330002,167.240005,167.240005,8553700
686,2017-08-29,165.25,168.429993,165.0,168.050003,168.050003,11121000
687,2017-08-30,168.169998,170.179993,167.630005,169.919998,169.919998,11138300
688,2017-08-31,170.399994,172.149994,170.059998,171.970001,171.970001,17226500
689,2017-09-01,172.399994,172.919998,171.309998,172.020004,172.020004,11677600
690,2017-09-05,171.270004,172.389999,169.550003,170.720001,170.720001,13210900
691,2017-09-06,170.910004,172.479996,169.570007,172.089996,172.089996,13906300
692,2017-09-07,171.940002,173.309998,170.270004,173.210007,173.210007,18049500
693,2017-09-08,173.089996,173.490005,170.800003,170.949997,170.949997,10998500
694,2017-09-11,172.399994,173.889999,172.199997,173.509995,173.509995,12372000
695,2017-09-12,173.759995,174.0,171.75,172.960007,172.960007,11186300
696,2017-09-13,173.009995,173.169998,172.059998,173.050003,173.050003,9119300
697,2017-09-14,172.259995,172.279999,170.5,170.960007,170.960007,15615700
698,2017-09-15,170.880005,172.339996,170.259995,171.639999,171.639999,15660500
699,2017-09-18,171.990005,172.070007,169.339996,170.009995,170.009995,12954000
700,2017-09-19,170.619995,172.559998,170.360001,172.520004,172.520004,13168600
701,2017-09-20,172.5,173.050003,170.699997,172.169998,172.169998,12264100
702,2017-09-21,171.690002,172.270004,170.009995,171.110001,171.110001,11161400
703,2017-09-22,170.210007,171.729996,169.220001,170.539993,170.539993,12097100
704,2017-09-25,169.240005,169.300003,161.559998,162.869995,162.869995,41251600
705,2017-09-26,164.5,165.5,162.779999,164.210007,164.210007,23363300
706,2017-09-27,165.899994,168.339996,165.570007,167.679993,167.679993,19242500
707,2017-09-28,167.940002,169.070007,167.160004,168.729996,168.729996,12178700
708,2017-09-29,168.830002,171.660004,168.809998,170.869995,170.869995,15340400
709,2017-10-02,171.389999,171.869995,168.75,169.470001,169.470001,13392300
710,2017-10-03,169.300003,170.729996,169.199997,169.960007,169.960007,8190300
711,2017-10-04,169.830002,170.669998,168.289993,168.419998,168.419998,12127900
712,2017-10-05,169.179993,171.309998,168.600006,171.240005,171.240005,14580600
713,2017-10-06,170.25,172.369995,169.75,172.229996,172.229996,13124500
714,2017-10-09,172.699997,174.880005,172.0,172.5,172.5,14570400
715,2017-10-10,173.0,173.199997,170.800003,171.589996,171.589996,11341100
716,2017-10-11,171.949997,172.779999,171.399994,172.740005,172.740005,11283700
717,2017-10-12,172.610001,173.850006,172.289993,172.550003,172.550003,10351000
718,2017-10-13,173.449997,174.649994,173.199997,173.740005,173.740005,13658300
719,2017-10-16,174.490005,175.0,174.059998,174.520004,174.520004,11498800
720,2017-10-17,174.710007,176.130005,174.360001,176.110001,176.110001,15990100
721,2017-10-18,176.649994,176.740005,175.75,176.029999,176.029999,12752400
722,2017-10-19,174.929993,176.029999,172.630005,174.559998,174.559998,14048400
723,2017-10-20,175.5,175.880005,174.630005,174.979996,174.979996,12602200
724,2017-10-23,175.199997,175.339996,171.25,171.270004,171.270004,13852700
725,2017-10-24,172.300003,173.240005,171.5,171.800003,171.800003,12267900
726,2017-10-25,171.899994,172.25,168.889999,170.600006,170.600006,15868200
727,2017-10-26,171.380005,172.289993,170.389999,170.630005,170.630005,11833100
728,2017-10-27,174.149994,178.210007,173.899994,177.880005,177.880005,30285300
729,2017-10-30,179.259995,180.690002,177.610001,179.869995,179.869995,24353200
730,2017-10-31,180.570007,180.800003,178.940002,180.059998,180.059998,20174200
731,2017-11-01,182.360001,182.899994,180.570007,182.660004,182.660004,40918300
732,2017-11-02,180.630005,181.940002,177.339996,178.919998,178.919998,35529900
733,2017-11-03,179.289993,179.860001,176.710007,178.919998,178.919998,17822100
734,2017-11-06,178.559998,180.449997,178.309998,180.169998,180.169998,13312700
735,2017-11-07,180.5,180.75,178.960007,180.25,180.25,12928200
736,2017-11-08,179.789993,180.350006,179.110001,179.559998,179.559998,10494100
737,2017-11-09,178.309998,179.399994,177.089996,179.300003,179.300003,12610300
738,2017-11-10,178.350006,179.100006,177.960007,178.460007,178.460007,11070200
739,2017-11-13,177.5,179.039993,177.300003,178.770004,178.770004,9523400
740,2017-11-14,178.130005,178.970001,177.179993,178.070007,178.070007,9585900
741,2017-11-15,176.660004,178.570007,176.399994,177.949997,177.949997,10253700
742,2017-11-16,178.759995,179.830002,178.5,179.589996,179.589996,15607600
743,2017-11-17,179.300003,179.979996,178.899994,179.0,179.0,13018000
744,2017-11-20,178.869995,179.5,178.100006,178.740005,178.740005,10052400
745,2017-11-21,179.149994,181.889999,178.990005,181.860001,181.860001,14504000
746,2017-11-22,181.300003,181.729996,180.440002,180.869995,180.869995,10376300
747,2017-11-24,180.399994,183.149994,180.289993,182.779999,182.779999,9426300
748,2017-11-27,182.559998,183.729996,181.990005,183.029999,183.029999,12344500
749,2017-11-28,183.509995,184.25,182.089996,182.419998,182.419998,14379700
750,2017-11-29,181.889999,181.970001,174.0,175.130005,175.130005,41933500
751,2017-11-30,176.850006,178.279999,175.199997,177.179993,177.179993,25307600
752,2017-12-01,176.029999,177.479996,172.339996,175.100006,175.100006,20182500
753,2017-12-04,176.289993,176.570007,170.789993,171.470001,171.470001,24459400
754,2017-12-05,170.449997,175.380005,169.009995,172.830002,172.830002,20184900
755,2017-12-06,172.5,176.770004,171.899994,176.059998,176.059998,20255800
756,2017-12-07,175.800003,180.389999,175.800003,180.139999,180.139999,20404500
757,2017-12-08,181.529999,182.279999,178.740005,179.0,179.0,19883800
758,2017-12-11,179.300003,180.220001,178.800003,179.039993,179.039993,13168600
759,2017-12-12,178.600006,179.179993,176.600006,176.960007,176.960007,16854100
760,2017-12-13,177.300003,179.160004,177.25,178.300003,178.300003,14615700
761,2017-12-14,178.289993,180.360001,177.679993,178.389999,178.389999,13591000
762,2017-12-15,179.020004,180.490005,178.360001,180.179993,180.179993,28463100
763,2017-12-18,181.009995,181.300003,179.75,180.820007,180.820007,17265400
764,2017-12-19,179.949997,180.080002,178.220001,179.509995,179.509995,14920600
765,2017-12-20,179.809998,179.809998,177.360001,177.889999,177.889999,11860500
766,2017-12-21,177.940002,178.679993,177.050003,177.449997,177.449997,11600700
767,2017-12-22,177.139999,177.529999,176.229996,177.199997,177.199997,8509500
768,2017-12-26,176.630005,177.0,174.669998,175.990005,175.990005,8897300
769,2017-12-27,176.550003,178.440002,176.259995,177.619995,177.619995,9496100
770,2017-12-28,177.949997,178.940002,177.679993,177.919998,177.919998,12220800
771,2017-12-29,178.0,178.850006,176.460007,176.460007,176.460007,10261500
772,2018-01-02,177.679993,181.580002,177.550003,181.419998,181.419998,18151900
773,2018-01-03,181.880005,184.779999,181.330002,184.669998,184.669998,16886600
774,2018-01-04,184.899994,186.210007,184.100006,184.330002,184.330002,13880900
775,2018-01-05,185.589996,186.899994,184.929993,186.850006,186.850006,13574500
776,2018-01-08,187.199997,188.899994,186.330002,188.279999,188.279999,17994700
777,2018-01-09,188.699997,188.800003,187.100006,187.869995,187.869995,12393100
778,2018-01-10,186.940002,187.889999,185.630005,187.839996,187.839996,10529900
779,2018-01-11,188.399994,188.399994,187.380005,187.770004,187.770004,9588600
780,2018-01-12,178.059998,181.479996,177.399994,179.369995,179.369995,77551300
781,2018-01-16,181.5,181.75,178.039993,178.389999,178.389999,36183800
782,2018-01-17,179.259995,179.320007,175.800003,177.600006,177.600006,27992400
783,2018-01-18,178.130005,180.979996,177.080002,179.800003,179.800003,23304900
784,2018-01-19,180.850006,182.369995,180.169998,181.289993,181.289993,26826500
785,2018-01-22,180.800003,185.389999,180.410004,185.369995,185.369995,21059500
786,2018-01-23,186.050003,189.550003,185.550003,189.350006,189.350006,25678800
787,2018-01-24,189.889999,190.660004,186.520004,186.550003,186.550003,24334500
788,2018-01-25,187.949997,188.619995,186.600006,187.479996,187.479996,17377700
789,2018-01-26,187.75,190.0,186.809998,190.0,190.0,17759200
790,2018-01-29,188.75,188.839996,185.630005,185.979996,185.979996,20453200
791,2018-01-30,187.619995,188.179993,181.839996,187.119995,187.119995,20858600
792,2018-01-31,188.369995,189.830002,185.220001,186.889999,186.889999,43275100
793,2018-02-01,188.220001,195.320007,187.889999,193.089996,193.089996,54211300
794,2018-02-02,192.039993,194.210007,189.979996,190.279999,190.279999,26677500
795,2018-02-05,186.929993,190.610001,180.610001,181.259995,181.259995,33128200
796,2018-02-06,178.570007,185.770004,177.740005,185.309998,185.309998,37758500
797,2018-02-07,184.149994,185.080002,179.949997,180.179993,180.179993,27601900
798,2018-02-08,181.009995,181.839996,171.479996,171.580002,171.580002,38478300
799,2018-02-09,174.759995,176.899994,167.179993,176.110001,176.110001,39887600
800,2018-02-12,177.059998,177.550003,171.839996,176.410004,176.410004,32092100
801,2018-02-13,175.619995,175.970001,173.100006,173.149994,173.149994,21809400
802,2018-02-14,173.449997,179.809998,173.210007,179.520004,179.520004,28929700
803,2018-02-15,180.5,180.5,176.839996,179.960007,179.960007,20922100
804,2018-02-16,178.990005,179.880005,176.300003,177.360001,177.360001,20645300
805,2018-02-20,175.770004,177.949997,175.110001,176.009995,176.009995,21204900
806,2018-02-21,176.710007,181.270004,176.399994,177.910004,177.910004,23200800
807,2018-02-22,178.699997,180.210007,177.410004,178.990005,178.990005,18464200
808,2018-02-23,179.899994,183.389999,179.509995,183.289993,183.289993,19007300
809,2018-02-26,184.580002,185.660004,183.220001,184.929993,184.929993,17599700
810,2018-02-27,184.449997,184.699997,181.460007,181.460007,181.460007,15849800
811,2018-02-28,182.300003,182.880005,178.139999,178.320007,178.320007,18783000
812,2018-03-01,179.009995,180.119995,174.410004,175.940002,175.940002,23201600
813,2018-03-02,173.289993,177.110001,172.990005,176.619995,176.619995,20025900
814,2018-03-05,176.199997,181.149994,175.889999,180.399994,180.399994,16189300
815,2018-03-06,181.779999,182.380005,179.110001,179.779999,179.779999,15086800
816,2018-03-07,178.740005,183.820007,178.070007,183.710007,183.710007,19097300
817,2018-03-08,183.559998,184.399994,181.449997,182.339996,182.339996,17225900
818,2018-03-09,183.910004,185.509995,183.210007,185.229996,185.229996,18526300
819,2018-03-12,185.229996,186.100006,184.220001,184.759995,184.759995,15301200
820,2018-03-13,185.610001,185.990005,181.110001,181.880005,181.880005,18067500
821,2018-03-14,182.600006,184.25,181.850006,184.190002,184.190002,16821700
822,2018-03-15,183.240005,184.0,182.190002,183.860001,183.860001,15614300
823,2018-03-16,184.490005,185.330002,183.410004,185.089996,185.089996,24403400
824,2018-03-19,177.009995,177.169998,170.059998,172.559998,172.559998,88140100
825,2018-03-20,167.470001,170.199997,161.949997,168.149994,168.149994,129851800
826,2018-03-21,164.800003,173.399994,163.300003,169.389999,169.389999,106598800
827,2018-03-22,166.130005,170.270004,163.720001,164.889999,164.889999,73743000
828,2018-03-23,165.440002,166.600006,159.020004,159.389999,159.389999,53609700
829,2018-03-26,160.820007,161.100006,149.020004,160.059998,160.059998,126116600
830,2018-03-27,156.309998,162.850006,150.75,152.220001,152.220001,79117000
831,2018-03-28,151.649994,155.880005,150.800003,153.029999,153.029999,60029200
832,2018-03-29,155.149994,161.419998,154.139999,159.789993,159.789993,59434300
833,2018-04-02,157.809998,159.199997,154.110001,155.389999,155.389999,36796000
834,2018-04-03,156.550003,157.389999,150.809998,156.110001,156.110001,42543900
835,2018-04-04,152.029999,155.559998,150.509995,155.100006,155.100006,49885600
836,2018-04-05,161.559998,161.570007,156.649994,159.339996,159.339996,41449600
837,2018-04-06,157.729996,161.419998,156.809998,157.199997,157.199997,41644800
838,2018-04-09,157.820007,160.529999,156.039993,157.929993,157.929993,34915200
839,2018-04-10,157.929993,165.979996,157.009995,165.039993,165.039993,57889300
840,2018-04-11,165.360001,168.649994,163.25,166.320007,166.320007,56144600
841,2018-04-12,166.979996,167.449997,163.100006,163.869995,163.869995,38263000
842,2018-04-13,164.580002,165.699997,163.770004,164.520004,164.520004,19990600
843,2018-04-16,165.720001,165.779999,163.389999,164.830002,164.830002,18119400
844,2018-04-17,165.830002,169.0,165.660004,168.660004,168.660004,22743000
845,2018-04-18,166.880005,168.119995,165.770004,166.360001,166.360001,20969600
846,2018-04-19,166.199997,168.330002,165.199997,168.100006,168.100006,22235000
847,2018-04-20,167.789993,168.429993,165.809998,166.279999,166.279999,19119400
848,2018-04-23,167.270004,168.449997,165.089996,165.839996,165.839996,23088100
849,2018-04-24,165.429993,166.100006,158.190002,159.690002,159.690002,35079900
850,2018-04-25,160.139999,161.059998,156.190002,159.690002,159.690002,41083600
851,2018-04-26,173.220001,176.270004,170.800003,174.160004,174.160004,77556900
852,2018-04-27,176.809998,177.100006,172.600006,173.589996,173.589996,29804700
853,2018-04-30,173.789993,175.720001,171.710007,172.0,172.0,20750500
854,2018-05-01,172.0,174.020004,170.229996,173.860001,173.860001,26025900
855,2018-05-02,174.25,178.080002,174.199997,176.070007,176.070007,30424500
856,2018-05-03,175.130005,176.119995,172.119995,174.020004,174.020004,24026100
857,2018-05-04,173.080002,176.979996,173.059998,176.610001,176.610001,17677800
858,2018-05-07,177.350006,179.5,177.169998,177.970001,177.970001,18697200
859,2018-05-08,178.25,179.039993,177.110001,178.919998,178.919998,15577200
860,2018-05-09,179.669998,183.009995,178.779999,182.660004,182.660004,23282800
861,2018-05-10,183.149994,186.130005,182.5,185.529999,185.529999,21071400
862,2018-05-11,184.850006,188.320007,184.179993,186.990005,186.990005,21207800
863,2018-05-14,187.710007,187.860001,186.199997,186.639999,186.639999,15646700
864,2018-05-15,184.880005,185.289993,183.199997,184.320007,184.320007,15429400
865,2018-05-16,183.699997,184.320007,182.660004,183.199997,183.199997,16975500
866,2018-05-17,182.679993,184.059998,182.220001,183.759995,183.759995,14840700
867,2018-05-18,183.490005,184.190002,182.610001,182.679993,182.679993,13130500
868,2018-05-21,183.770004,185.300003,183.130005,184.490005,184.490005,13532900
869,2018-05-22,184.929993,185.419998,183.429993,183.800003,183.800003,12731400
870,2018-05-23,182.5,186.910004,182.179993,186.899994,186.899994,16628100
871,2018-05-24,185.880005,186.800003,185.029999,185.929993,185.929993,12354700
872,2018-05-25,186.020004,186.330002,184.449997,184.919998,184.919998,10965100
873,2018-05-29,184.339996,186.809998,183.710007,185.740005,185.740005,16398900
874,2018-05-30,186.539993,188.0,185.25,187.669998,187.669998,13736900
875,2018-05-31,187.869995,192.720001,187.479996,191.779999,191.779999,30782600
876,2018-06-01,193.070007,194.550003,192.070007,193.990005,193.990005,17307200
877,2018-06-04,191.839996,193.979996,191.470001,193.279999,193.279999,18939800
878,2018-06-05,194.300003,195.0,192.619995,192.940002,192.940002,15544300
879,2018-06-06,191.029999,192.529999,189.110001,191.339996,191.339996,22558900
880,2018-06-07,190.75,190.970001,186.770004,188.179993,188.179993,21503200
881,2018-06-08,187.529999,189.479996,186.429993,189.100006,189.100006,12677100
882,2018-06-11,188.809998,192.600006,188.800003,191.539993,191.539993,12928900
883,2018-06-12,192.169998,193.279999,191.559998,192.399994,192.399994,11562700
884,2018-06-13,192.740005,194.5,191.910004,192.410004,192.410004,15853800
885,2018-06-14,193.100006,197.279999,192.910004,196.809998,196.809998,19120900
886,2018-06-15,195.789993,197.070007,194.639999,195.850006,195.850006,21860900
887,2018-06-18,194.800003,199.580002,194.130005,198.309998,198.309998,16826000
888,2018-06-19,196.240005,197.960007,193.789993,197.490005,197.490005,19994000
889,2018-06-20,199.100006,203.550003,198.809998,202.0,202.0,28230900
890,2018-06-21,202.759995,203.389999,200.089996,201.5,201.5,19045700
891,2018-06-22,201.160004,202.240005,199.309998,201.740005,201.740005,17420200
892,2018-06-25,200.0,200.0,193.110001,196.350006,196.350006,25275100
893,2018-06-26,197.600006,199.100006,196.229996,199.0,199.0,17897600
894,2018-06-27,199.179993,200.75,195.800003,195.839996,195.839996,18734400
895,2018-06-28,195.179993,197.339996,193.259995,196.229996,196.229996,18172400
896,2018-06-29,197.320007,197.600006,193.960007,194.320007,194.320007,15811600
897,2018-07-02,193.369995,197.449997,192.220001,197.360001,197.360001,13961600
898,2018-07-03,194.550003,195.399994,192.520004,192.729996,192.729996,13489500
899,2018-07-05,194.740005,198.649994,194.029999,198.449997,198.449997,19684200
900,2018-07-06,198.449997,203.639999,197.699997,203.229996,203.229996,19740100
901,2018-07-09,204.929993,205.800003,202.119995,204.740005,204.740005,18149400
902,2018-07-10,204.5,204.910004,202.259995,203.539993,203.539993,13190100
903,2018-07-11,202.220001,204.5,201.75,202.539993,202.539993,12927400
904,2018-07-12,203.429993,207.080002,203.190002,206.919998,206.919998,15454700
905,2018-07-13,207.809998,208.429993,206.449997,207.320007,207.320007,11486800
906,2018-07-16,207.5,208.720001,206.839996,207.229996,207.229996,11078200
907,2018-07-17,204.899994,210.460007,204.839996,209.990005,209.990005,15349900
908,2018-07-18,209.820007,210.990005,208.440002,209.360001,209.360001,15334900
909,2018-07-19,208.770004,209.990005,207.759995,208.089996,208.089996,11350400
910,2018-07-20,208.850006,211.5,208.5,209.940002,209.940002,16163900
911,2018-07-23,210.580002,211.619995,208.800003,210.910004,210.910004,16732000
912,2018-07-24,215.110001,216.199997,212.600006,214.669998,214.669998,28468700
913,2018-07-25,215.720001,218.619995,214.270004,217.5,217.5,58954200
914,2018-07-26,174.889999,180.130005,173.75,176.259995,176.259995,169803700
915,2018-07-27,179.869995,179.929993,173.0,174.889999,174.889999,60073700
916,2018-07-30,175.300003,175.300003,166.559998,171.059998,171.059998,65280800
917,2018-07-31,170.669998,174.240005,170.0,172.580002,172.580002,40356500
918,2018-08-01,173.929993,175.080002,170.899994,171.649994,171.649994,34042100
919,2018-08-02,170.679993,176.789993,170.270004,176.369995,176.369995,32400000
920,2018-08-03,177.690002,178.850006,176.149994,177.779999,177.779999,24763400
921,2018-08-06,178.970001,185.789993,178.380005,185.690002,185.690002,49716200
922,2018-08-07,186.5,188.300003,183.720001,183.809998,183.809998,33398600
923,2018-08-08,184.75,186.850006,183.759995,185.179993,185.179993,22205200
924,2018-08-09,185.850006,186.570007,182.479996,183.089996,183.089996,19732100
925,2018-08-10,182.039993,182.100006,179.419998,180.259995,180.259995,21500400
926,2018-08-13,180.100006,182.610001,178.899994,180.050003,180.050003,17423300
927,2018-08-14,180.710007,181.990005,178.619995,181.110001,181.110001,19102000
928,2018-08-15,179.339996,180.869995,174.779999,179.529999,179.529999,33020200
929,2018-08-16,180.419998,180.5,174.009995,174.699997,174.699997,31351800
930,2018-08-17,174.5,176.220001,172.039993,173.800003,173.800003,24893200
931,2018-08-20,174.039993,174.570007,170.910004,172.5,172.5,21518000
932,2018-08-21,172.809998,174.169998,171.389999,172.619995,172.619995,19578500
933,2018-08-22,172.210007,174.240005,172.130005,173.639999,173.639999,16894100
934,2018-08-23,173.089996,175.550003,172.830002,172.899994,172.899994,18053600
935,2018-08-24,173.699997,174.820007,172.919998,174.649994,174.649994,14631600
936,2018-08-27,175.990005,178.669998,175.789993,177.460007,177.460007,17921900
937,2018-08-28,178.100006,178.240005,175.830002,176.259995,176.259995,15910700
938,2018-08-29,176.300003,176.789993,174.75,175.899994,175.899994,18494100
939,2018-08-30,175.899994,179.789993,175.699997,177.639999,177.639999,24216500
940,2018-08-31,177.149994,177.619995,174.979996,175.729996,175.729996,18065200
941,2018-09-04,173.5,173.889999,168.800003,171.160004,171.160004,29809000
942,2018-09-05,169.490005,171.130005,166.669998,167.179993,167.179993,31226700
943,2018-09-06,166.979996,166.979996,160.0,162.529999,162.529999,41514800
944,2018-09-07,160.309998,164.630005,160.160004,163.039993,163.039993,24300600
945,2018-09-10,163.509995,165.009995,162.160004,164.179993,164.179993,20197700
946,2018-09-11,163.940002,167.190002,163.720001,165.940002,165.940002,20457100
947,2018-09-12,163.25,164.490005,161.800003,162.0,162.0,24078100
948,2018-09-13,162.0,163.320007,160.860001,161.360001,161.360001,25453800
949,2018-09-14,161.720001,162.839996,160.339996,162.320007,162.320007,21770400
950,2018-09-17,161.919998,162.059998,159.770004,160.580002,160.580002,21005300
951,2018-09-18,159.389999,161.759995,158.869995,160.300003,160.300003,22465200
952,2018-09-19,160.080002,163.440002,159.479996,163.059998,163.059998,19629000
953,2018-09-20,164.5,166.449997,164.470001,166.020004,166.020004,18936000
954,2018-09-21,166.639999,167.25,162.809998,162.929993,162.929993,45994800
955,2018-09-24,161.029999,165.699997,160.880005,165.410004,165.410004,19222800
956,2018-09-25,161.990005,165.589996,161.149994,164.910004,164.910004,27622800
957,2018-09-26,164.300003,169.300003,164.210007,166.949997,166.949997,25252200
958,2018-09-27,167.550003,171.770004,167.210007,168.839996,168.839996,27266900
959,2018-09-28,168.330002,168.789993,162.559998,164.460007,164.460007,34265600
960,2018-10-01,163.029999,165.880005,161.259995,162.440002,162.440002,26407700
961,2018-10-02,161.580002,162.279999,158.669998,159.330002,159.330002,36031000
962,2018-10-03,160.0,163.660004,159.529999,162.429993,162.429993,23109500
963,2018-10-04,161.460007,161.460007,157.350006,158.850006,158.850006,25739600
964,2018-10-05,159.210007,160.899994,156.199997,157.330002,157.330002,25744000
965,2018-10-08,155.539993,158.339996,154.389999,157.25,157.25,24046000
966,2018-10-09,157.690002,160.589996,157.419998,157.899994,157.899994,18844400
967,2018-10-10,156.820007,157.690002,151.309998,151.380005,151.380005,30610000
968,2018-10-11,150.130005,154.809998,149.160004,153.350006,153.350006,35338900
969,2018-10-12,156.729996,156.889999,151.300003,153.740005,153.740005,25293500
970,2018-10-15,153.320007,155.570007,152.550003,153.520004,153.520004,15433500
971,2018-10-16,155.399994,159.460007,155.009995,158.779999,158.779999,19180100
972,2018-10-17,159.559998,160.490005,157.949997,159.419998,159.419998,17592000
973,2018-10-18,158.509995,158.660004,153.279999,154.919998,154.919998,21675100
974,2018-10-19,155.860001,157.350006,153.550003,154.050003,154.050003,19761300
975,2018-10-22,154.759995,157.339996,154.460007,154.779999,154.779999,15424700
976,2018-10-23,151.220001,154.770004,150.850006,154.389999,154.389999,19095000
977,2018-10-24,154.279999,154.649994,145.600006,146.039993,146.039993,27744600
978,2018-10-25,147.729996,152.210007,147.0,150.949997,150.949997,22105700
979,2018-10-26,145.820007,149.0,143.800003,145.369995,145.369995,31303300
980,2018-10-29,148.5,148.830002,139.029999,142.089996,142.089996,31336800
981,2018-10-30,139.940002,146.639999,139.740005,146.220001,146.220001,50528300
982,2018-10-31,155.0,156.399994,148.960007,151.789993,151.789993,60101300
983,2018-11-01,151.520004,152.75,149.350006,151.75,151.75,25640800
984,2018-11-02,151.800003,154.130005,148.960007,150.350006,150.350006,24708700
985,2018-11-05,150.100006,150.190002,147.440002,148.679993,148.679993,15971200
986,2018-11-06,149.309998,150.970001,148.0,149.940002,149.940002,16667100
987,2018-11-07,151.570007,153.009995,149.830002,151.529999,151.529999,21877400
988,2018-11-08,150.490005,150.940002,146.740005,147.869995,147.869995,24145800
989,2018-11-09,146.75,147.759995,144.070007,144.960007,144.960007,17326900
990,2018-11-12,144.479996,145.039993,140.490005,141.550003,141.550003,18542100
991,2018-11-13,142.0,144.880005,141.619995,142.160004,142.160004,15141700
992,2018-11-14,143.699997,145.580002,141.550003,144.220001,144.220001,22068400
993,2018-11-15,142.330002,144.839996,140.830002,143.850006,143.850006,30320300
994,2018-11-16,141.070007,141.770004,137.770004,139.529999,139.529999,37250600
995,2018-11-19,137.610001,137.75,131.210007,131.550003,131.550003,44362700
996,2018-11-20,127.029999,134.160004,126.849998,132.429993,132.429993,41939500
997,2018-11-21,134.399994,137.190002,134.130005,134.820007,134.820007,25469700
998,2018-11-23,133.649994,134.5,131.259995,131.729996,131.729996,11886100
999,2018-11-26,133.0,137.0,132.779999,136.380005,136.380005,24263600
1000,2018-11-27,135.75,136.610001,133.710007,135.0,135.0,20750300
1001,2018-11-28,136.279999,136.789993,131.850006,136.759995,136.759995,29847500
1002,2018-11-29,135.919998,139.990005,135.660004,138.679993,138.679993,24238700
1003,2018-11-30,138.259995,140.970001,137.360001,140.610001,140.610001,25732600
1004,2018-12-03,143.0,143.679993,140.759995,141.089996,141.089996,24819200
1005,2018-12-04,140.729996,143.389999,137.160004,137.929993,137.929993,30307400
1006,2018-12-06,133.820007,139.699997,133.669998,139.630005,139.630005,28218100
1007,2018-12-07,139.25,140.869995,136.660004,137.419998,137.419998,21195500
1008,2018-12-10,139.600006,143.050003,139.009995,141.850006,141.850006,26422200
1009,2018-12-11,143.880005,143.880005,141.100006,142.080002,142.080002,20300300
1010,2018-12-12,143.080002,147.190002,142.509995,144.5,144.5,23696900
1011,2018-12-13,145.570007,145.850006,143.190002,145.009995,145.009995,18148600
1012,2018-12-14,143.339996,146.009995,142.509995,144.059998,144.059998,21785800
1013,2018-12-17,143.080002,144.919998,138.419998,140.190002,140.190002,24334000
1014,2018-12-18,141.080002,145.929993,139.830002,143.660004,143.660004,24709100
1015,2018-12-19,141.210007,144.910004,132.5,133.240005,133.240005,57404900
1016,2018-12-20,130.699997,135.570007,130.0,133.399994,133.399994,40297900
1017,2018-12-21,133.389999,134.899994,123.419998,124.949997,124.949997,56901500
1018,2018-12-24,123.099998,129.740005,123.019997,124.059998,124.059998,22066000
1019,2018-12-26,126.0,134.240005,125.889999,134.179993,134.179993,39723400
1020,2018-12-27,132.440002,134.990005,129.669998,134.520004,134.520004,31202500
1021,2018-12-28,135.339996,135.919998,132.199997,133.199997,133.199997,22627600
1022,2018-12-31,134.449997,134.639999,129.949997,131.089996,131.089996,24625300
1023,2019-01-02,128.990005,137.509995,128.559998,135.679993,135.679993,28146200
1024,2019-01-03,134.690002,137.169998,131.119995,131.740005,131.740005,22717900
1025,2019-01-04,134.009995,138.0,133.75,137.949997,137.949997,29002100
1026,2019-01-07,137.559998,138.869995,135.910004,138.050003,138.050003,20089300
1027,2019-01-08,139.889999,143.139999,139.539993,142.529999,142.529999,26263800
1028,2019-01-09,142.949997,144.699997,141.270004,144.229996,144.229996,22205900
1029,2019-01-10,143.080002,144.559998,140.839996,144.199997,144.199997,16125000
1030,2019-01-11,143.149994,145.360001,142.570007,143.800003,143.800003,12908000
1031,2019-01-14,142.0,146.570007,141.270004,145.389999,145.389999,20520300
1032,2019-01-15,146.009995,150.679993,145.990005,148.949997,148.949997,24069000
1033,2019-01-16,149.0,149.649994,147.0,147.539993,147.539993,18025700
1034,2019-01-17,146.949997,149.0,146.5,148.300003,148.300003,15787900
1035,2019-01-18,149.75,152.429993,148.550003,150.039993,150.039993,31029600
1036,2019-01-22,149.199997,151.529999,146.369995,147.570007,147.570007,22378700
1037,2019-01-23,148.279999,148.800003,143.059998,144.300003,144.300003,20098400
1038,2019-01-24,144.639999,146.440002,142.520004,145.830002,145.830002,20955500
1039,2019-01-25,147.479996,149.830002,146.539993,149.009995,149.009995,22237200
1040,2019-01-28,148.050003,148.960007,146.210007,147.470001,147.470001,15508500
1041,2019-01-29,148.089996,148.100006,143.429993,144.190002,144.190002,17632100
1042,2019-01-30,146.220001,150.949997,145.699997,150.419998,150.419998,44613200
1043,2019-01-31,165.600006,171.679993,165.0,166.690002,166.690002,77233600
1044,2019-02-01,165.839996,169.100006,165.660004,165.710007,165.710007,30806500
1045,2019-02-04,165.699997,169.300003,163.619995,169.25,169.25,20036000
1046,2019-02-05,169.149994,171.979996,168.690002,171.160004,171.160004,22557000
1047,2019-02-06,171.199997,172.470001,169.270004,170.490005,170.490005,13281200
1048,2019-02-07,168.199997,169.240005,165.25,166.380005,166.380005,17517600
1049,2019-02-08,164.470001,167.369995,164.210007,167.330002,167.330002,12561400
1050,2019-02-11,167.899994,168.300003,165.080002,165.789993,165.789993,12811200
1051,2019-02-12,166.860001,168.339996,164.5,165.039993,165.039993,16292300
1052,2019-02-13,165.380005,166.220001,163.729996,164.070007,164.070007,14205100
1053,2019-02-14,163.190002,164.869995,162.25,163.949997,163.949997,12755200
1054,2019-02-15,164.509995,164.699997,160.860001,162.5,162.5,15504400
1055,2019-02-19,160.5,164.149994,160.330002,162.289993,162.289993,14345400
1056,2019-02-20,162.25,163.720001,161.25,162.559998,162.559998,11770700
1057,2019-02-21,161.929993,162.240005,159.589996,160.039993,160.039993,15607800
1058,2019-02-22,160.580002,162.410004,160.309998,161.889999,161.889999,15858500
1059,2019-02-25,163.070007,166.070007,162.899994,164.619995,164.619995,18737100
1060,2019-02-26,164.339996,166.240005,163.800003,164.130005,164.130005,13784100
1061,2019-02-27,162.899994,163.929993,160.410004,162.809998,162.809998,12697500
1062,2019-02-28,162.369995,163.5,160.860001,161.449997,161.449997,11114200
1063,2019-03-01,162.600006,163.130005,161.690002,162.279999,162.279999,11097800
1064,2019-03-04,163.899994,167.5,163.830002,167.369995,167.369995,18894700
1065,2019-03-05,167.369995,171.880005,166.550003,171.259995,171.259995,28187900
1066,2019-03-06,172.899994,173.570007,171.270004,172.509995,172.509995,21531700
1067,2019-03-07,171.5,171.740005,167.610001,169.130005,169.130005,18306500
1068,2019-03-08,166.199997,169.619995,165.970001,169.600006,169.600006,13184800
1069,2019-03-11,171.600006,174.300003,171.580002,172.070007,172.070007,18884000
1070,2019-03-12,172.089996,173.800003,171.220001,171.919998,171.919998,12155300
1071,2019-03-13,172.320007,174.029999,172.119995,173.369995,173.369995,11973300
1072,2019-03-14,169.759995,171.149994,168.160004,170.169998,170.169998,18037400
1073,2019-03-15,167.160004,167.580002,162.509995,165.979996,165.979996,37135400
1074,2019-03-18,163.570007,163.899994,159.279999,160.470001,160.470001,37524200
1075,2019-03-19,161.479996,163.820007,160.820007,161.570007,161.570007,25611500
1076,2019-03-20,161.5,166.119995,161.240005,165.440002,165.440002,20211500
1077,2019-03-21,164.889999,166.389999,163.75,166.080002,166.080002,16223000
1078,2019-03-22,165.649994,167.419998,164.089996,164.339996,164.339996,16389200
1079,2019-03-25,163.0,166.539993,162.0,166.289993,166.289993,12631200
1080,2019-03-26,167.350006,169.449997,166.350006,167.679993,167.679993,15437900
1081,2019-03-27,167.850006,168.940002,164.789993,165.869995,165.869995,10620300
1082,2019-03-28,164.570007,166.720001,163.330002,165.550003,165.550003,10689200
1083,2019-03-29,166.389999,167.190002,164.809998,166.690002,166.690002,13455500
1084,2019-04-01,167.830002,168.899994,167.279999,168.699997,168.699997,10381500
1085,2019-04-02,170.139999,174.899994,169.550003,174.199997,174.199997,23946500
1086,2019-04-03,174.5,177.960007,172.949997,173.539993,173.539993,27590100
1087,2019-04-04,176.020004,178.0,175.529999,176.020004,176.020004,17847700
1088,2019-04-05,176.880005,177.0,175.100006,175.720001,175.720001,9594100
1089,2019-04-08,175.210007,175.5,174.229996,174.929993,174.929993,7297400
1090,2019-04-09,175.619995,179.190002,175.550003,177.580002,177.580002,19751000
1091,2019-04-10,178.179993,178.789993,176.539993,177.820007,177.820007,11701500
1092,2019-04-11,178.240005,178.399994,177.0,177.509995,177.509995,8071000
1093,2019-04-12,178.0,179.630005,177.949997,179.100006,179.100006,12329800
1094,2019-04-15,178.5,180.5,176.869995,179.649994,179.649994,10834800
1095,2019-04-16,179.0,180.169998,178.300003,178.869995,178.869995,11215200
1096,2019-04-17,179.600006,180.740005,178.360001,178.779999,178.779999,9973700
1097,2019-04-18,178.800003,178.880005,177.339996,178.279999,178.279999,11655600
1098,2019-04-22,178.25,181.669998,178.25,181.440002,181.440002,13389900
1099,2019-04-23,182.740005,184.220001,181.479996,183.779999,183.779999,19954800
1100,2019-04-24,184.490005,185.139999,181.649994,182.580002,182.580002,37289900
1101,2019-04-25,196.979996,198.479996,192.119995,193.259995,193.259995,54148800
1102,2019-04-26,192.5,192.899994,189.089996,191.490005,191.490005,22075000
1103,2019-04-29,190.949997,195.410004,190.649994,194.779999,194.779999,19641300
1104,2019-04-30,194.190002,197.389999,192.279999,193.399994,193.399994,23494700
1105,2019-05-01,194.779999,196.179993,193.009995,193.029999,193.029999,15996600
1106,2019-05-02,193.0,194.0,189.75,192.529999,192.529999,13209500
1107,2019-05-03,194.380005,196.160004,193.710007,195.470001,195.470001,14575400
1108,2019-05-06,191.240005,194.279999,190.550003,193.880005,193.880005,13994900
1109,2019-05-07,192.539993,192.899994,187.850006,189.770004,189.770004,16253000
1110,2019-05-08,189.389999,190.720001,188.550003,189.539993,189.539993,12505700
1111,2019-05-09,187.199997,189.770004,186.259995,188.649994,188.649994,12967000
1112,2019-05-10,188.25,190.0,184.589996,188.339996,188.339996,12578500
1113,2019-05-13,183.5,185.429993,180.839996,181.539993,181.539993,16833300
1114,2019-05-14,182.520004,183.490005,178.100006,180.729996,180.729996,17628100
1115,2019-05-15,180.419998,187.279999,180.020004,186.270004,186.270004,16746900
1116,2019-05-16,185.050003,188.580002,185.050003,186.990005,186.990005,12953100
1117,2019-05-17,184.839996,187.580002,184.279999,185.300003,185.300003,10485400
1118,2019-05-20,181.880005,184.229996,181.369995,182.720001,182.720001,10352000
1119,2019-05-21,184.570007,185.699997,183.889999,184.820007,184.820007,7502800
1120,2019-05-22,184.729996,186.740005,183.610001,185.320007,185.320007,9213800
1121,2019-05-23,182.419998,183.899994,179.669998,180.869995,180.869995,12768800
1122,2019-05-24,182.330002,183.630005,180.830002,181.059998,181.059998,8807700
1123,2019-05-28,181.539993,184.710007,181.449997,184.309998,184.309998,14843300
1124,2019-05-29,183.5,184.559998,181.350006,182.190002,182.190002,12797700
1125,2019-05-30,183.080002,183.479996,180.889999,183.009995,183.009995,8581500
1126,2019-05-31,180.279999,180.539993,177.160004,177.470001,177.470001,15226500
1127,2019-06-03,175.0,175.050003,161.009995,164.149994,164.149994,56059600
1128,2019-06-04,163.710007,168.279999,160.839996,167.5,167.5,46044300
1129,2019-06-05,167.479996,168.720001,164.630005,168.169998,168.169998,19758300
1130,2019-06-06,168.300003,169.699997,167.229996,168.330002,168.330002,12446400
1131,2019-06-07,170.169998,173.869995,168.839996,173.350006,173.350006,16917300
1132,2019-06-10,174.75,177.860001,173.800003,174.820007,174.820007,14767900
1133,2019-06-11,178.479996,179.979996,176.789993,178.100006,178.100006,15266600
1134,2019-06-12,178.380005,179.270004,172.880005,175.039993,175.039993,17699800
1135,2019-06-13,175.529999,178.029999,174.610001,177.470001,177.470001,12253600
1136,2019-06-14,180.509995,181.839996,180.0,181.330002,181.330002,16773700
1137,2019-06-17,185.009995,189.5,184.410004,189.009995,189.009995,29459900
1138,2019-06-18,194.0,194.529999,187.279999,188.470001,188.470001,37571400
1139,2019-06-19,187.0,188.100006,184.550003,187.479996,187.479996,21417100
1140,2019-06-20,190.949997,191.160004,187.639999,189.529999,189.529999,14635700
1141,2019-06-21,188.75,192.0,188.75,191.139999,191.139999,22751200
1142,2019-06-24,192.419998,193.979996,191.570007,192.600006,192.600006,15509000
1143,2019-06-25,192.880005,193.139999,188.130005,188.839996,188.839996,16750300
1144,2019-06-26,189.539993,190.759995,187.309998,187.660004,187.660004,12808600
1145,2019-06-27,189.880005,198.880005,188.270004,189.5,189.5,11159000
1146,2019-06-28,190.550003,193.199997,189.940002,193.0,193.0,16378900
1147,2019-07-01,195.210007,195.279999,191.929993,193.0,193.0,14204700
1148,2019-07-02,193.0,195.0,192.710007,195.0,195.0,9050000
1149,2019-07-03,194.160004,197.399994,194.160004,197.199997,197.199997,10246100
1150,2019-07-05,196.179993,197.070007,194.169998,196.399994,196.399994,11164100
1151,2019-07-08,195.190002,196.679993,193.639999,195.759995,195.759995,9723900
1152,2019-07-09,194.970001,199.460007,194.889999,199.210007,199.210007,14698600
1153,2019-07-10,200.0,202.960007,199.669998,202.729996,202.729996,20571700
1154,2019-07-11,203.259995,203.800003,200.210007,201.229996,201.229996,13678500
1155,2019-07-12,199.679993,205.300003,199.160004,204.869995,204.869995,15366300
1156,2019-07-15,204.25,205.330002,201.820007,203.910004,203.910004,16030300
1157,2019-07-16,203.889999,205.470001,203.100006,203.839996,203.839996,12132700
1158,2019-07-17,204.179993,204.360001,201.589996,201.800003,201.800003,12083700
1159,2019-07-18,200.149994,202.470001,199.380005,200.779999,200.779999,11956600
1160,2019-07-19,202.179993,202.330002,198.070007,198.360001,198.360001,12098300
1161,2019-07-22,199.910004,202.570007,198.809998,202.320007,202.320007,13589000
1162,2019-07-23,202.839996,204.240005,200.960007,202.360001,202.360001,14583700
1163,2019-07-24,197.630005,204.809998,197.220001,204.660004,204.660004,32532500
1164,2019-07-25,206.699997,208.660004,198.259995,200.710007,200.710007,39889900
1165,2019-07-26,200.190002,202.880005,196.25,199.75,199.75,24434000
1166,2019-07-29,199.0,199.630005,195.300003,195.940002,195.940002,16530800
1167,2019-07-30,195.389999,198.710007,193.5,197.039993,197.039993,11903600
1168,2019-07-31,196.949997,198.759995,192.679993,194.229996,194.229996,14593500
1169,2019-08-01,194.169998,198.470001,190.880005,192.729996,192.729996,17777000
1170,2019-08-02,191.100006,192.619995,188.070007,189.020004,189.020004,15297000
1171,2019-08-05,184.690002,185.669998,179.339996,181.729996,181.729996,23086700
1172,2019-08-06,183.690002,185.789993,183.089996,184.509995,184.509995,18035700
1173,2019-08-07,183.600006,186.369995,181.220001,185.149994,185.149994,15833200
1174,2019-08-08,186.619995,190.339996,184.050003,190.160004,190.160004,14828900
1175,2019-08-09,190.0,190.979996,187.119995,187.850006,187.850006,11058800
1176,2019-08-12,186.850006,187.589996,184.460007,185.369995,185.369995,10936300
1177,2019-08-13,185.520004,191.380005,185.369995,188.449997,188.449997,13577000
1178,2019-08-14,185.800003,185.990005,179.309998,179.710007,179.710007,18903700
1179,2019-08-15,180.949997,183.199997,180.029999,182.589996,182.589996,12925900
1180,2019-08-16,183.75,185.100006,182.360001,183.699997,183.699997,12654600
1181,2019-08-19,186.009995,187.5,184.850006,186.169998,186.169998,9691200
1182,2019-08-20,185.449997,186.0,182.389999,183.809998,183.809998,10083400
1183,2019-08-21,185.0,185.899994,183.139999,183.550003,183.550003,8398200
1184,2019-08-22,183.429993,184.110001,179.910004,182.039993,182.039993,10821400
1185,2019-08-23,180.839996,183.130005,176.660004,177.75,177.75,17323400
1186,2019-08-26,179.399994,180.5,178.240005,180.360001,180.360001,8773600
1187,2019-08-27,181.929993,184.039993,181.009995,181.300003,181.300003,14399600
1188,2019-08-28,180.529999,181.949997,178.919998,181.759995,181.759995,9386100
1189,2019-08-29,183.770004,186.080002,183.470001,185.570007,185.570007,10128700
1190,2019-08-30,186.779999,186.800003,183.460007,185.669998,185.669998,10774500
1191,2019-09-03,184.0,185.669998,182.110001,182.389999,182.389999,9779400
1192,2019-09-04,184.649994,187.75,183.889999,187.139999,187.139999,11308000
1193,2019-09-05,188.529999,191.360001,187.940002,190.899994,190.899994,13876700
1194,2019-09-06,190.210007,190.210007,186.350006,187.490005,187.490005,15226800
1195,2019-09-09,187.729996,188.979996,185.850006,188.759995,188.759995,14722400
1196,2019-09-10,187.440002,188.100006,184.550003,186.169998,186.169998,15455900
1197,2019-09-11,186.460007,189.440002,186.080002,188.490005,188.490005,11761700
1198,2019-09-12,189.860001,190.929993,187.229996,187.470001,187.470001,11419800
1199,2019-09-13,187.330002,187.970001,186.539993,187.190002,187.190002,11441100
1200,2019-09-16,186.929993,187.789993,185.770004,186.220001,186.220001,8444800
1201,2019-09-17,186.660004,188.320007,185.539993,188.080002,188.080002,9671100
1202,2019-09-18,188.089996,189.080002,186.009995,188.139999,188.139999,9681900
1203,2019-09-19,188.660004,191.100006,188.149994,190.139999,190.139999,10392700
1204,2019-09-20,190.660004,193.100006,188.119995,189.929993,189.929993,19934200
1205,2019-09-23,189.339996,190.100006,185.210007,186.820007,186.820007,13327600
1206,2019-09-24,187.979996,188.039993,180.389999,181.279999,181.279999,18546600
1207,2019-09-25,181.449997,183.419998,177.869995,182.800003,182.800003,18068300
1208,2019-09-26,181.330002,181.399994,177.669998,180.110001,180.110001,16083300
1209,2019-09-27,180.490005,180.759995,175.660004,177.100006,177.100006,14656200
1210,2019-09-30,177.869995,178.669998,176.850006,178.080002,178.080002,10740000
1211,2019-10-01,179.149994,179.839996,174.880005,175.809998,175.809998,17073000
1212,2019-10-02,174.839996,176.529999,173.089996,174.600006,174.600006,16151700
1213,2019-10-03,175.570007,179.839996,173.630005,179.380005,179.380005,16086300
1214,2019-10-04,179.550003,180.979996,178.100006,180.449997,180.449997,10430200
1215,2019-10-07,180.0,181.179993,178.089996,179.679993,179.679993,9178300
1216,2019-10-08,178.259995,180.369995,177.720001,177.75,177.75,9466900
1217,2019-10-09,179.160004,180.720001,177.940002,179.850006,179.850006,7556900
1218,2019-10-10,180.320007,181.610001,179.169998,180.029999,180.029999,8605000
1219,2019-10-11,182.149994,186.490005,182.139999,184.190002,184.190002,14930500
1220,2019-10-14,184.199997,184.619995,182.570007,183.279999,183.279999,7006000
1221,2019-10-15,183.800003,190.380005,183.660004,188.889999,188.889999,15039100
1222,2019-10-16,188.320007,189.699997,186.899994,189.550003,189.550003,10516900
1223,2019-10-17,190.300003,190.839996,188.770004,190.389999,190.389999,9603000
1224,2019-10-18,190.229996,191.490005,183.919998,185.850006,185.850006,16874200
1225,2019-10-21,187.039993,189.910004,186.75,189.759995,189.759995,8122600
1226,2019-10-22,190.0,190.649994,181.5,182.339996,182.339996,19537600
1227,2019-10-23,182.009995,186.380005,182.0,186.149994,186.149994,12300400
1228,2019-10-24,184.619995,186.729996,182.800003,186.380005,186.380005,11413500
1229,2019-10-25,185.830002,189.0,185.089996,187.889999,187.889999,8061200
1230,2019-10-28,187.199997,189.529999,185.080002,189.399994,189.399994,13657900
1231,2019-10-29,191.690002,192.529999,188.470001,189.309998,189.309998,13574900
1232,2019-10-30,189.559998,190.449997,185.979996,188.25,188.25,28734600
1233,2019-10-31,196.699997,198.089996,188.25,191.649994,191.649994,42286500
1234,2019-11-01,192.850006,194.110001,189.910004,193.619995,193.619995,21711800
1235,2019-11-04,194.550003,197.369995,193.809998,194.720001,194.720001,16371300
1236,2019-11-05,195.369995,195.75,193.600006,194.320007,194.320007,9942000
1237,2019-11-06,194.029999,194.369995,191.350006,191.550003,191.550003,10973000
1238,2019-11-07,191.910004,193.440002,189.470001,190.419998,190.419998,13473000
1239,2019-11-08,190.0,192.339996,189.699997,190.839996,190.839996,10760800
1240,2019-11-11,189.929993,190.080002,188.539993,189.610001,189.610001,8631200
1241,2019-11-12,190.0,195.059998,189.740005,194.470001,194.470001,17615500
1242,2019-11-13,194.699997,195.699997,192.740005,193.190002,193.190002,10860700
1243,2019-11-14,192.929993,194.029999,191.449997,193.149994,193.149994,9040500
1244,2019-11-15,194.259995,195.300003,193.380005,195.100006,195.100006,11524300
1245,2019-11-18,194.559998,198.630005,193.050003,197.399994,197.399994,16167200
1246,2019-11-19,197.399994,200.0,196.860001,199.320007,199.320007,19056800
1247,2019-11-20,198.580002,199.589996,195.429993,197.509995,197.509995,12355400
1248,2019-11-21,197.419998,199.089996,196.860001,197.929993,197.929993,12131000
1249,2019-11-22,198.380005,199.300003,197.619995,198.820007,198.820007,9959800
1250,2019-11-25,199.520004,200.970001,199.25,199.789993,199.789993,15272300
1251,2019-11-26,200.0,200.149994,198.039993,198.970001,198.970001,11735500
1252,2019-11-27,199.899994,203.139999,199.419998,202.0,202.0,12736600
1253,2019-11-29,201.600006,203.800003,201.210007,201.639999,201.639999,7985200
1254,2019-12-02,202.130005,202.179993,198.050003,199.699997,199.699997,11503400
1255,2019-12-03,197.600006,198.929993,195.080002,198.820007,198.820007,11595300
1256,2019-12-04,200.0,200.029999,198.050003,198.710007,198.710007,8456300
1257,2019-12-05,199.860001,201.289993,198.210007,199.360001,199.360001,9740400
1258,2019-12-06,200.5,201.566895,200.070007,201.050003,201.050003,12279525
